{"asctime": "2026-09-16 00:08:38,041", "name": "backend.core.cache", "levelname": "INFO", "correlation_id": "n/a", "message": "Redis connection established successfully", "timestamp": "2026-09-15T22:08:38.041655+00:00"}
{"asctime": "2026-09-16 00:08:38,051", "name": "backend.db.session", "levelname": "INFO", "correlation_id": "n/a", "message": "db_pool_configured role=api size=5 overflow=10 timeout=30.0 recycle=1800 max_per_process=15", "timestamp": "2026-09-15T22:08:38.051937+00:00"}
{"asctime": "2026-09-16 00:08:48,620", "name": "backend.core.cache", "levelname": "INFO", "correlation_id": "n/a", "message": "Redis connection closed", "timestamp": "2026-09-15T22:08:48.620587+00:00"}
{"asctime": "2026-09-16 00:08:50,202", "name": "backend.core.cache", "levelname": "INFO", "correlation_id": "n/a", "message": "Redis connection established successfully", "timestamp": "2026-09-15T22:08:50.202654+00:00"}
{"asctime": "2026-09-16 00:08:50,213", "name": "backend.db.session", "levelname": "INFO", "correlation_id": "n/a", "message": "db_pool_configured role=api size=5 overflow=10 timeout=30.0 recycle=1800 max_per_process=15", "timestamp": "2026-09-15T22:08:50.213100+00:00"}
{"asctime": "2026-09-16 00:08:50,566", "name": "backend.core.cache", "levelname": "INFO", "correlation_id": "n/a", "message": "Redis connection closed", "timestamp": "2026-09-15T22:08:50.566683+00:00"}
{"asctime": "2026-09-16 00:08:52,135", "name": "backend.core.cache", "levelname": "INFO", "correlation_id": "n/a", "message": "Redis connection established successfully", "timestamp": "2026-09-15T22:08:52.135201+00:00"}
{"asctime": "2026-09-16 00:08:52,145", "name": "backend.db.session", "levelname": "INFO", "correlation_id": "n/a", "message": "db_pool_configured role=api size=5 overflow=10 timeout=30.0 recycle=1800 max_per_process=15", "timestamp": "2026-09-15T22:08:52.145001+00:00"}
{"asctime": "2026-09-16 00:08:54,499", "name": "backend.core.cache", "levelname": "INFO", "correlation_id": "n/a", "message": "Redis connection closed", "timestamp": "2026-09-15T22:08:54.499313+00:00"}
{"asctime": "2026-09-16 00:08:56,145", "name": "backend.core.cache", "levelname": "INFO", "correlation_id": "n/a", "message": "Redis connection established successfully", "timestamp": "2026-09-15T22:08:56.145957+00:00"}
{"asctime": "2026-09-16 00:08:56,156", "name": "backend.db.session", "levelname": "INFO", "correlation_id": "n/a", "message": "db_pool_configured role=api size=5 overflow=10 timeout=30.0 recycle=1800 max_per_process=15", "timestamp": "2026-09-15T22:08:56.156604+00:00"}
{"asctime": "2026-09-16 00:08:56,309", "name": "backend.core.cache", "levelname": "INFO", "correlation_id": "n/a", "message": "Redis connection closed", "timestamp": "2026-09-15T22:08:56.309503+00:00"}
{"asctime": "2026-09-16 00:08:57,868", "name": "backend.core.cache", "levelname": "INFO", "correlation_id": "n/a", "message": "Redis connection established successfully", "timestamp": "2026-09-15T22:08:57.868096+00:00"}
{"asctime": "2026-09-16 00:08:57,877", "name": "backend.db.session", "levelname": "INFO", "correlation_id": "n/a", "message": "db_pool_configured role=api size=5 overflow=10 timeout=30.0 recycle=1800 max_per_process=15", "timestamp": "2026-09-15T22:08:57.877937+00:00"}
{"asctime": "2026-09-16 00:09:02,435", "name": "backend.core.cache", "levelname": "INFO", "correlation_id": "n/a", "message": "Redis connection closed", "timestamp": "2026-09-15T22:09:02.435804+00:00"}
{"asctime": "2026-09-16 00:09:04,005", "name": "backend.core.cache", "levelname": "INFO", "correlation_id": "n/a", "message": "Redis connection established successfully", "timestamp": "2026-09-15T22:09:04.005964+00:00"}
{"asctime": "2026-09-16 00:09:04,016", "name": "backend.db.session", "levelname": "INFO", "correlation_id": "n/a", "message": "db_pool_configured role=api size=5 overflow=10 timeout=30.0 recycle=1800 max_per_process=15", "timestamp": "2026-09-15T22:09:04.016411+00:00"}
{"asctime": "2026-09-16 00:09:22,896", "name": "backend.core.cache", "levelname": "INFO", "correlation_id": "n/a", "message": "Redis connection closed", "timestamp": "2026-09-15T22:09:22.896204+00:00"}
{"asctime": "2026-09-16 00:09:24,513", "name": "backend.core.cache", "levelname": "INFO", "correlation_id": "n/a", "message": "Redis connection established successfully", "timestamp": "2026-09-15T22:09:24.513661+00:00"}
{"asctime": "2026-09-16 00:09:24,523", "name": "backend.db.session", "levelname": "INFO", "correlation_id": "n/a", "message": "db_pool_configured role=api size=5 overflow=10 timeout=30.0 recycle=1800 max_per_process=15", "timestamp": "2026-09-15T22:09:24.523731+00:00"}
{"asctime": "2026-09-16 00:09:24,675", "name": "backend.core.cache", "levelname": "INFO", "correlation_id": "n/a", "message": "Redis connection closed", "timestamp": "2026-09-15T22:09:24.675286+00:00"}
{"asctime": "2026-09-16 00:09:26,299", "name": "backend.core.cache", "levelname": "INFO", "correlation_id": "n/a", "message": "Redis connection established successfully", "timestamp": "2026-09-15T22:09:26.299997+00:00"}
{"asctime": "2026-09-16 00:09:26,309", "name": "backend.db.session", "levelname": "INFO", "correlation_id": "n/a", "message": "db_pool_configured role=api size=5 overflow=10 timeout=30.0 recycle=1800 max_per_process=15", "timestamp": "2026-09-15T22:09:26.309787+00:00"}
{"asctime": "2026-09-16 00:10:12,634", "name": "backend.core.cache", "levelname": "INFO", "correlation_id": "n/a", "message": "Redis connection closed", "timestamp": "2026-09-15T22:10:12.634595+00:00"}
{"asctime": "2026-09-16 00:10:14,288", "name": "backend.core.cache", "levelname": "INFO", "correlation_id": "n/a", "message": "Redis connection established successfully", "timestamp": "2026-09-15T22:10:14.288698+00:00"}
{"asctime": "2026-09-16 00:10:14,301", "name": "backend.db.session", "levelname": "INFO", "correlation_id": "n/a", "message": "db_pool_configured role=api size=5 overflow=10 timeout=30.0 recycle=1800 max_per_process=15", "timestamp": "2026-09-15T22:10:14.301605+00:00"}
{"asctime": "2026-09-16 00:10:36,292", "name": "backend.core.cache", "levelname": "INFO", "correlation_id": "n/a", "message": "Redis connection closed", "timestamp": "2026-09-15T22:10:36.292567+00:00"}
{"asctime": "2026-09-16 00:10:37,931", "name": "backend.core.cache", "levelname": "INFO", "correlation_id": "n/a", "message": "Redis connection established successfully", "timestamp": "2026-09-15T22:10:37.931134+00:00"}
{"asctime": "2026-09-16 00:10:37,941", "name": "backend.db.session", "levelname": "INFO", "correlation_id": "n/a", "message": "db_pool_configured role=api size=5 overflow=10 timeout=30.0 recycle=1800 max_per_process=15", "timestamp": "2026-09-15T22:10:37.941715+00:00"}
{"asctime": "2026-09-16 00:10:40,298", "name": "backend.core.cache", "levelname": "INFO", "correlation_id": "n/a", "message": "Redis connection closed", "timestamp": "2026-09-15T22:10:40.298002+00:00"}
{"asctime": "2026-09-16 00:10:41,991", "name": "backend.core.cache", "levelname": "INFO", "correlation_id": "n/a", "message": "Redis connection established successfully", "timestamp": "2026-09-15T22:10:41.991159+00:00"}
{"asctime": "2026-09-16 00:10:42,002", "name": "backend.db.session", "levelname": "INFO", "correlation_id": "n/a", "message": "db_pool_configured role=api size=5 overflow=10 timeout=30.0 recycle=1800 max_per_process=15", "timestamp": "2026-09-15T22:10:42.002266+00:00"}
{"asctime": "2026-09-16 00:11:20,926", "name": "backend.core.cache", "levelname": "INFO", "correlation_id": "n/a", "message": "Redis connection closed", "timestamp": "2026-09-15T22:11:20.926824+00:00"}
{"asctime": "2026-09-16 00:11:22,583", "name": "backend.core.cache", "levelname": "INFO", "correlation_id": "n/a", "message": "Redis connection established successfully", "timestamp": "2026-09-15T22:11:22.583687+00:00"}
{"asctime": "2026-09-16 00:11:22,594", "name": "backend.db.session", "levelname": "INFO", "correlation_id": "n/a", "message": "db_pool_configured role=api size=5 overflow=10 timeout=30.0 recycle=1800 max_per_process=15", "timestamp": "2026-09-15T22:11:22.594628+00:00"}
{"asctime": "2026-09-16 00:11:42,782", "name": "backend.core.cache", "levelname": "INFO", "correlation_id": "n/a", "message": "Redis connection closed", "timestamp": "2026-09-15T22:11:42.782150+00:00"}
{"asctime": "2026-09-16 00:11:44,628", "name": "backend.core.cache", "levelname": "INFO", "correlation_id": "n/a", "message": "Redis connection established successfully", "timestamp": "2026-09-15T22:11:44.628420+00:00"}
{"asctime": "2026-09-16 00:11:44,639", "name": "backend.db.session", "levelname": "INFO", "correlation_id": "n/a", "message": "db_pool_configured role=api size=5 overflow=10 timeout=30.0 recycle=1800 max_per_process=15", "timestamp": "2026-09-15T22:11:44.639933+00:00"}
{"asctime": "2026-09-16 00:11:55,115", "name": "backend.core.cache", "levelname": "INFO", "correlation_id": "n/a", "message": "Redis connection closed", "timestamp": "2026-09-15T22:11:55.115327+00:00"}
{"asctime": "2026-09-16 00:11:56,891", "name": "backend.core.cache", "levelname": "INFO", "correlation_id": "n/a", "message": "Redis connection established successfully", "timestamp": "2026-09-15T22:11:56.891646+00:00"}
{"asctime": "2026-09-16 00:11:56,903", "name": "backend.db.session", "levelname": "INFO", "correlation_id": "n/a", "message": "db_pool_configured role=api size=5 overflow=10 timeout=30.0 recycle=1800 max_per_process=15", "timestamp": "2026-09-15T22:11:56.903351+00:00"}
{"asctime": "2026-09-16 00:11:57,059", "name": "backend.core.cache", "levelname": "INFO", "correlation_id": "n/a", "message": "Redis connection closed", "timestamp": "2026-09-15T22:11:57.059059+00:00"}
{"asctime": "2026-09-16 00:11:58,678", "name": "backend.core.cache", "levelname": "INFO", "correlation_id": "n/a", "message": "Redis connection established successfully", "timestamp": "2026-09-15T22:11:58.678253+00:00"}
{"asctime": "2026-09-16 00:11:58,688", "name": "backend.db.session", "levelname": "INFO", "correlation_id": "n/a", "message": "db_pool_configured role=api size=5 overflow=10 timeout=30.0 recycle=1800 max_per_process=15", "timestamp": "2026-09-15T22:11:58.688917+00:00"}
{"asctime": "2026-09-16 00:11:59,414", "name": "backend.modules.chess_video.service", "levelname": "ERROR", "correlation_id": "n/a", "message": "chess video job ee428d56-340e-409d-bebf-28840c68003e failed", "exc_info": "Traceback (most recent call last):\n  File \"/home/polat/Desktop/Projects/content_generator/backend/modules/chess_video/service.py\", line 214, in process_job\n    await self._set_progress(job, ChessVideoJobStatus.VALIDATING, 0.10)\n  File \"/home/polat/Desktop/Projects/content_generator/backend/tests/test_chess_video_service.py\", line 150, in boom\n    raise RuntimeError(\"storage down\")\nRuntimeError: storage down", "timestamp": "2026-09-15T22:11:59.414096+00:00"}
{"asctime": "2026-09-16 00:12:00,370", "name": "backend.core.http", "levelname": "INFO", "correlation_id": "corr-test-123", "message": "http_client_started max_connections=100 keepalive=20", "timestamp": "2026-09-15T22:12:00.370776+00:00"}
{"asctime": "2026-09-16 00:12:00,371", "name": "httpx", "levelname": "INFO", "correlation_id": "corr-test-123", "message": "HTTP Request: GET https://example.test/item \"HTTP/1.1 429 Too Many Requests\"", "timestamp": "2026-09-15T22:12:00.371665+00:00"}
{"asctime": "2026-09-16 00:12:00,372", "name": "httpx", "levelname": "INFO", "correlation_id": "corr-test-123", "message": "HTTP Request: GET https://example.test/item \"HTTP/1.1 200 OK\"", "timestamp": "2026-09-15T22:12:00.372148+00:00"}
{"asctime": "2026-09-16 00:12:00,372", "name": "httpx", "levelname": "INFO", "correlation_id": "corr-http-123", "message": "HTTP Request: GET https://example.test/context \"HTTP/1.1 200 OK\"", "timestamp": "2026-09-15T22:12:00.372789+00:00"}
{"asctime": "2026-09-16 00:12:00,375", "name": "backend.core.http", "levelname": "INFO", "correlation_id": "n/a", "message": "http_client_closed", "timestamp": "2026-09-15T22:12:00.375145+00:00"}
{"asctime": "2026-09-16 00:12:00,528", "name": "backend.core.http", "levelname": "INFO", "correlation_id": "corr-test-123", "message": "http_client_started max_connections=100 keepalive=20", "timestamp": "2026-09-15T22:12:00.528374+00:00"}
{"asctime": "2026-09-16 00:12:00,529", "name": "httpx", "levelname": "INFO", "correlation_id": "corr-test-123", "message": "HTTP Request: GET https://example.test/phase4 \"HTTP/1.1 429 Too Many Requests\"", "timestamp": "2026-09-15T22:12:00.529099+00:00"}
{"asctime": "2026-09-16 00:12:00,529", "name": "httpx", "levelname": "INFO", "correlation_id": "corr-test-123", "message": "HTTP Request: GET https://example.test/phase4 \"HTTP/1.1 200 OK\"", "timestamp": "2026-09-15T22:12:00.529577+00:00"}
{"asctime": "2026-09-16 00:12:00,694", "name": "backend.core.cache_codec", "levelname": "WARNING", "correlation_id": "corr-test-123", "message": "cache_codec_decode_miss", "timestamp": "2026-09-15T22:12:00.694700+00:00"}
{"asctime": "2026-09-16 00:12:00,695", "name": "backend.core.cache", "levelname": "ERROR", "correlation_id": "corr-test-123", "message": "flush_all_refused use flush_namespace instead", "timestamp": "2026-09-15T22:12:00.695612+00:00"}
{"asctime": "2026-09-16 00:12:00,696", "name": "backend.core.cache_codec", "levelname": "WARNING", "correlation_id": "corr-test-123", "message": "cache_codec_decode_miss", "timestamp": "2026-09-15T22:12:00.696247+00:00"}
{"asctime": "2026-09-16 00:12:00,723", "name": "backend.core.rollout", "levelname": "WARNING", "correlation_id": "n/a", "message": "rollout_mode_invalid value=nope falling_back=on", "timestamp": "2026-09-15T22:12:00.723804+00:00"}
{"asctime": "2026-09-16 00:12:00,725", "name": "backend.core.rollout", "levelname": "INFO", "correlation_id": "n/a", "message": "multi_account_shadow tenant=b549f15e-37e1-4b7e-8fdb-ee64af30a6d7 selected=2 collapsed=1 delta=1", "timestamp": "2026-09-15T22:12:00.725620+00:00"}
{"asctime": "2026-09-16 00:12:00,734", "name": "backend.core.cache_codec", "levelname": "WARNING", "correlation_id": "n/a", "message": "cache_codec_decode_miss", "timestamp": "2026-09-15T22:12:00.734659+00:00"}
{"asctime": "2026-09-16 00:12:00,735", "name": "backend.core.tenant_cache", "levelname": "ERROR", "correlation_id": "n/a", "message": "cache_set_blocked key=cg:dev:ba598149-f82b-43b8-a885-eb0567109829:identity:bad reason=refusing to cache credential field 'password_hash'", "timestamp": "2026-09-15T22:12:00.735685+00:00"}
{"asctime": "2026-09-16 00:13:23,290", "name": "backend.core.cache", "levelname": "INFO", "correlation_id": "n/a", "message": "Redis connection closed", "timestamp": "2026-09-15T22:13:23.290597+00:00"}
{"asctime": "2026-09-16 00:13:24,896", "name": "backend.core.cache", "levelname": "INFO", "correlation_id": "n/a", "message": "Redis connection established successfully", "timestamp": "2026-09-15T22:13:24.896690+00:00"}
{"asctime": "2026-09-16 00:13:24,907", "name": "backend.db.session", "levelname": "INFO", "correlation_id": "n/a", "message": "db_pool_configured role=api size=5 overflow=10 timeout=30.0 recycle=1800 max_per_process=15", "timestamp": "2026-09-15T22:13:24.907320+00:00"}
{"asctime": "2026-09-16 00:13:33,476", "name": "backend.core.cache", "levelname": "INFO", "correlation_id": "n/a", "message": "Redis connection closed", "timestamp": "2026-09-15T22:13:33.476849+00:00"}
{"asctime": "2026-09-16 00:13:35,100", "name": "backend.core.cache", "levelname": "INFO", "correlation_id": "n/a", "message": "Redis connection established successfully", "timestamp": "2026-09-15T22:13:35.100435+00:00"}
{"asctime": "2026-09-16 00:13:35,111", "name": "backend.db.session", "levelname": "INFO", "correlation_id": "n/a", "message": "db_pool_configured role=api size=5 overflow=10 timeout=30.0 recycle=1800 max_per_process=15", "timestamp": "2026-09-15T22:13:35.111156+00:00"}
{"asctime": "2026-09-16 00:13:35,264", "name": "backend.core.cache", "levelname": "INFO", "correlation_id": "n/a", "message": "Redis connection closed", "timestamp": "2026-09-15T22:13:35.264915+00:00"}
{"asctime": "2026-09-16 00:13:36,837", "name": "backend.core.cache", "levelname": "INFO", "correlation_id": "n/a", "message": "Redis connection established successfully", "timestamp": "2026-09-15T22:13:36.837084+00:00"}
{"asctime": "2026-09-16 00:13:36,848", "name": "backend.db.session", "levelname": "INFO", "correlation_id": "n/a", "message": "db_pool_configured role=api size=5 overflow=10 timeout=30.0 recycle=1800 max_per_process=15", "timestamp": "2026-09-15T22:13:36.848476+00:00"}
{"asctime": "2026-09-16 00:13:45,114", "name": "backend.core.cache", "levelname": "INFO", "correlation_id": "n/a", "message": "Redis connection closed", "timestamp": "2026-09-15T22:13:45.114865+00:00"}
{"asctime": "2026-09-16 00:13:46,708", "name": "backend.core.cache", "levelname": "INFO", "correlation_id": "n/a", "message": "Redis connection established successfully", "timestamp": "2026-09-15T22:13:46.708086+00:00"}
{"asctime": "2026-09-16 00:13:46,718", "name": "backend.db.session", "levelname": "INFO", "correlation_id": "n/a", "message": "db_pool_configured role=api size=5 overflow=10 timeout=30.0 recycle=1800 max_per_process=15", "timestamp": "2026-09-15T22:13:46.718824+00:00"}
{"asctime": "2026-09-16 00:13:54,182", "name": "backend.core.cache", "levelname": "INFO", "correlation_id": "n/a", "message": "Redis connection closed", "timestamp": "2026-09-15T22:13:54.182762+00:00"}
{"asctime": "2026-09-16 00:13:55,795", "name": "backend.core.cache", "levelname": "INFO", "correlation_id": "n/a", "message": "Redis connection established successfully", "timestamp": "2026-09-15T22:13:55.795399+00:00"}
{"asctime": "2026-09-16 00:13:55,805", "name": "backend.db.session", "levelname": "INFO", "correlation_id": "n/a", "message": "db_pool_configured role=api size=5 overflow=10 timeout=30.0 recycle=1800 max_per_process=15", "timestamp": "2026-09-15T22:13:55.805953+00:00"}
{"asctime": "2026-09-16 00:13:55,958", "name": "backend.core.cache", "levelname": "INFO", "correlation_id": "n/a", "message": "Redis connection closed", "timestamp": "2026-09-15T22:13:55.958718+00:00"}
{"asctime": "2026-09-16 00:13:57,590", "name": "backend.core.cache", "levelname": "INFO", "correlation_id": "n/a", "message": "Redis connection established successfully", "timestamp": "2026-09-15T22:13:57.590492+00:00"}
{"asctime": "2026-09-16 00:13:57,601", "name": "backend.db.session", "levelname": "INFO", "correlation_id": "n/a", "message": "db_pool_configured role=api size=5 overflow=10 timeout=30.0 recycle=1800 max_per_process=15", "timestamp": "2026-09-15T22:13:57.601498+00:00"}
{"asctime": "2026-09-16 00:14:11,376", "name": "backend.core.cache", "levelname": "INFO", "correlation_id": "n/a", "message": "Redis connection closed", "timestamp": "2026-09-15T22:14:11.376592+00:00"}
{"asctime": "2026-09-16 00:14:12,964", "name": "backend.core.cache", "levelname": "INFO", "correlation_id": "n/a", "message": "Redis connection established successfully", "timestamp": "2026-09-15T22:14:12.964912+00:00"}
{"asctime": "2026-09-16 00:14:12,975", "name": "backend.db.session", "levelname": "INFO", "correlation_id": "n/a", "message": "db_pool_configured role=api size=5 overflow=10 timeout=30.0 recycle=1800 max_per_process=15", "timestamp": "2026-09-15T22:14:12.975611+00:00"}
{"asctime": "2026-09-16 00:14:20,039", "name": "backend.core.cache", "levelname": "INFO", "correlation_id": "n/a", "message": "Redis connection closed", "timestamp": "2026-09-15T22:14:20.039871+00:00"}
{"asctime": "2026-09-16 00:14:21,636", "name": "backend.core.cache", "levelname": "INFO", "correlation_id": "n/a", "message": "Redis connection established successfully", "timestamp": "2026-09-15T22:14:21.636717+00:00"}
{"asctime": "2026-09-16 00:14:21,647", "name": "backend.db.session", "levelname": "INFO", "correlation_id": "n/a", "message": "db_pool_configured role=api size=5 overflow=10 timeout=30.0 recycle=1800 max_per_process=15", "timestamp": "2026-09-15T22:14:21.647797+00:00"}
{"asctime": "2026-09-16 00:14:27,508", "name": "backend.core.cache", "levelname": "INFO", "correlation_id": "n/a", "message": "Redis connection closed", "timestamp": "2026-09-15T22:14:27.508958+00:00"}
{"asctime": "2026-09-16 00:14:29,107", "name": "backend.core.cache", "levelname": "INFO", "correlation_id": "n/a", "message": "Redis connection established successfully", "timestamp": "2026-09-15T22:14:29.107829+00:00"}
{"asctime": "2026-09-16 00:14:29,119", "name": "backend.db.session", "levelname": "INFO", "correlation_id": "n/a", "message": "db_pool_configured role=api size=5 overflow=10 timeout=30.0 recycle=1800 max_per_process=15", "timestamp": "2026-09-15T22:14:29.119159+00:00"}
{"asctime": "2026-09-16 00:14:29,275", "name": "backend.core.cache", "levelname": "INFO", "correlation_id": "n/a", "message": "Redis connection closed", "timestamp": "2026-09-15T22:14:29.275814+00:00"}
{"asctime": "2026-09-16 00:14:30,875", "name": "backend.core.cache", "levelname": "INFO", "correlation_id": "n/a", "message": "Redis connection established successfully", "timestamp": "2026-09-15T22:14:30.875091+00:00"}
{"asctime": "2026-09-16 00:14:30,886", "name": "backend.db.session", "levelname": "INFO", "correlation_id": "n/a", "message": "db_pool_configured role=api size=5 overflow=10 timeout=30.0 recycle=1800 max_per_process=15", "timestamp": "2026-09-15T22:14:30.886400+00:00"}
{"asctime": "2026-09-16 00:14:33,743", "name": "backend.core.cache", "levelname": "INFO", "correlation_id": "n/a", "message": "Redis connection closed", "timestamp": "2026-09-15T22:14:33.743792+00:00"}
{"asctime": "2026-09-16 00:14:35,392", "name": "backend.core.cache", "levelname": "INFO", "correlation_id": "n/a", "message": "Redis connection established successfully", "timestamp": "2026-09-15T22:14:35.392923+00:00"}
{"asctime": "2026-09-16 00:14:35,403", "name": "backend.db.session", "levelname": "INFO", "correlation_id": "n/a", "message": "db_pool_configured role=api size=5 overflow=10 timeout=30.0 recycle=1800 max_per_process=15", "timestamp": "2026-09-15T22:14:35.403465+00:00"}
{"asctime": "2026-09-16 00:14:35,556", "name": "backend.core.cache", "levelname": "INFO", "correlation_id": "n/a", "message": "Redis connection closed", "timestamp": "2026-09-15T22:14:35.556468+00:00"}
{"asctime": "2026-09-16 00:14:37,194", "name": "backend.core.cache", "levelname": "INFO", "correlation_id": "n/a", "message": "Redis connection established successfully", "timestamp": "2026-09-15T22:14:37.194447+00:00"}
{"asctime": "2026-09-16 00:14:37,204", "name": "backend.db.session", "levelname": "INFO", "correlation_id": "n/a", "message": "db_pool_configured role=api size=5 overflow=10 timeout=30.0 recycle=1800 max_per_process=15", "timestamp": "2026-09-15T22:14:37.204808+00:00"}
{"asctime": "2026-09-16 00:14:37,359", "name": "backend.core.cache", "levelname": "INFO", "correlation_id": "n/a", "message": "Redis connection closed", "timestamp": "2026-09-15T22:14:37.359576+00:00"}
{"asctime": "2026-09-16 00:14:38,961", "name": "backend.core.cache", "levelname": "INFO", "correlation_id": "n/a", "message": "Redis connection established successfully", "timestamp": "2026-09-15T22:14:38.961123+00:00"}
{"asctime": "2026-09-16 00:14:38,971", "name": "backend.db.session", "levelname": "INFO", "correlation_id": "n/a", "message": "db_pool_configured role=api size=5 overflow=10 timeout=30.0 recycle=1800 max_per_process=15", "timestamp": "2026-09-15T22:14:38.971514+00:00"}
{"asctime": "2026-09-16 00:14:39,125", "name": "backend.core.cache", "levelname": "INFO", "correlation_id": "n/a", "message": "Redis connection closed", "timestamp": "2026-09-15T22:14:39.125179+00:00"}
{"asctime": "2026-09-16 00:14:40,710", "name": "backend.core.cache", "levelname": "INFO", "correlation_id": "n/a", "message": "Redis connection established successfully", "timestamp": "2026-09-15T22:14:40.710269+00:00"}
{"asctime": "2026-09-16 00:14:40,723", "name": "backend.db.session", "levelname": "INFO", "correlation_id": "n/a", "message": "db_pool_configured role=api size=5 overflow=10 timeout=30.0 recycle=1800 max_per_process=15", "timestamp": "2026-09-15T22:14:40.723825+00:00"}
{"asctime": "2026-09-16 00:14:40,889", "name": "backend.core.cache", "levelname": "INFO", "correlation_id": "n/a", "message": "Redis connection closed", "timestamp": "2026-09-15T22:14:40.889718+00:00"}
{"asctime": "2026-09-16 00:14:42,580", "name": "backend.core.cache", "levelname": "INFO", "correlation_id": "n/a", "message": "Redis connection established successfully", "timestamp": "2026-09-15T22:14:42.580045+00:00"}
{"asctime": "2026-09-16 00:14:42,590", "name": "backend.db.session", "levelname": "INFO", "correlation_id": "n/a", "message": "db_pool_configured role=api size=5 overflow=10 timeout=30.0 recycle=1800 max_per_process=15", "timestamp": "2026-09-15T22:14:42.590834+00:00"}
{"asctime": "2026-09-16 00:14:42,748", "name": "backend.core.cache", "levelname": "INFO", "correlation_id": "n/a", "message": "Redis connection closed", "timestamp": "2026-09-15T22:14:42.748034+00:00"}
{"asctime": "2026-09-16 00:14:44,328", "name": "backend.core.cache", "levelname": "INFO", "correlation_id": "n/a", "message": "Redis connection established successfully", "timestamp": "2026-09-15T22:14:44.328422+00:00"}
{"asctime": "2026-09-16 00:14:44,338", "name": "backend.db.session", "levelname": "INFO", "correlation_id": "n/a", "message": "db_pool_configured role=api size=5 overflow=10 timeout=30.0 recycle=1800 max_per_process=15", "timestamp": "2026-09-15T22:14:44.338724+00:00"}
{"asctime": "2026-09-16 00:14:44,491", "name": "backend.core.cache", "levelname": "INFO", "correlation_id": "n/a", "message": "Redis connection closed", "timestamp": "2026-09-15T22:14:44.491556+00:00"}
{"asctime": "2026-09-16 00:14:46,057", "name": "backend.core.cache", "levelname": "INFO", "correlation_id": "n/a", "message": "Redis connection established successfully", "timestamp": "2026-09-15T22:14:46.057135+00:00"}
{"asctime": "2026-09-16 00:14:46,067", "name": "backend.db.session", "levelname": "INFO", "correlation_id": "n/a", "message": "db_pool_configured role=api size=5 overflow=10 timeout=30.0 recycle=1800 max_per_process=15", "timestamp": "2026-09-15T22:14:46.067802+00:00"}
{"asctime": "2026-09-16 00:14:57,680", "name": "backend.core.cache", "levelname": "INFO", "correlation_id": "n/a", "message": "Redis connection closed", "timestamp": "2026-09-15T22:14:57.680130+00:00"}
{"asctime": "2026-09-16 00:14:59,331", "name": "backend.core.cache", "levelname": "INFO", "correlation_id": "n/a", "message": "Redis connection established successfully", "timestamp": "2026-09-15T22:14:59.331850+00:00"}
{"asctime": "2026-09-16 00:14:59,342", "name": "backend.db.session", "levelname": "INFO", "correlation_id": "n/a", "message": "db_pool_configured role=api size=5 overflow=10 timeout=30.0 recycle=1800 max_per_process=15", "timestamp": "2026-09-15T22:14:59.342416+00:00"}
{"asctime": "2026-09-16 00:14:59,494", "name": "backend.core.cache", "levelname": "INFO", "correlation_id": "n/a", "message": "Redis connection closed", "timestamp": "2026-09-15T22:14:59.494282+00:00"}
{"asctime": "2026-09-16 00:15:01,094", "name": "backend.core.cache", "levelname": "INFO", "correlation_id": "n/a", "message": "Redis connection established successfully", "timestamp": "2026-09-15T22:15:01.094082+00:00"}
{"asctime": "2026-09-16 00:15:01,105", "name": "backend.db.session", "levelname": "INFO", "correlation_id": "n/a", "message": "db_pool_configured role=api size=5 overflow=10 timeout=30.0 recycle=1800 max_per_process=15", "timestamp": "2026-09-15T22:15:01.105497+00:00"}
{"asctime": "2026-09-16 00:15:01,273", "name": "backend.core.cache", "levelname": "INFO", "correlation_id": "n/a", "message": "Redis connection closed", "timestamp": "2026-09-15T22:15:01.273778+00:00"}
{"asctime": "2026-09-16 00:15:02,851", "name": "backend.core.cache", "levelname": "INFO", "correlation_id": "n/a", "message": "Redis connection established successfully", "timestamp": "2026-09-15T22:15:02.851694+00:00"}
{"asctime": "2026-09-16 00:15:02,862", "name": "backend.db.session", "levelname": "INFO", "correlation_id": "n/a", "message": "db_pool_configured role=api size=5 overflow=10 timeout=30.0 recycle=1800 max_per_process=15", "timestamp": "2026-09-15T22:15:02.862870+00:00"}
{"asctime": "2026-09-16 00:15:06,120", "name": "backend.core.cache", "levelname": "INFO", "correlation_id": "n/a", "message": "Redis connection closed", "timestamp": "2026-09-15T22:15:06.120017+00:00"}
{"asctime": "2026-09-16 00:15:07,707", "name": "backend.core.cache", "levelname": "INFO", "correlation_id": "n/a", "message": "Redis connection established successfully", "timestamp": "2026-09-15T22:15:07.707693+00:00"}
{"asctime": "2026-09-16 00:15:07,718", "name": "backend.db.session", "levelname": "INFO", "correlation_id": "n/a", "message": "db_pool_configured role=api size=5 overflow=10 timeout=30.0 recycle=1800 max_per_process=15", "timestamp": "2026-09-15T22:15:07.718553+00:00"}
{"asctime": "2026-09-16 00:15:11,878", "name": "backend.core.cache", "levelname": "INFO", "correlation_id": "n/a", "message": "Redis connection closed", "timestamp": "2026-09-15T22:15:11.878312+00:00"}
{"asctime": "2026-09-16 00:15:13,526", "name": "backend.core.cache", "levelname": "INFO", "correlation_id": "n/a", "message": "Redis connection established successfully", "timestamp": "2026-09-15T22:15:13.526634+00:00"}
{"asctime": "2026-09-16 00:15:13,537", "name": "backend.db.session", "levelname": "INFO", "correlation_id": "n/a", "message": "db_pool_configured role=api size=5 overflow=10 timeout=30.0 recycle=1800 max_per_process=15", "timestamp": "2026-09-15T22:15:13.537108+00:00"}
{"asctime": "2026-09-16 00:15:13,690", "name": "backend.core.cache", "levelname": "INFO", "correlation_id": "n/a", "message": "Redis connection closed", "timestamp": "2026-09-15T22:15:13.690064+00:00"}
{"asctime": "2026-09-16 00:15:15,275", "name": "backend.core.cache", "levelname": "INFO", "correlation_id": "n/a", "message": "Redis connection established successfully", "timestamp": "2026-09-15T22:15:15.275603+00:00"}
{"asctime": "2026-09-16 00:15:15,286", "name": "backend.db.session", "levelname": "INFO", "correlation_id": "n/a", "message": "db_pool_configured role=api size=5 overflow=10 timeout=30.0 recycle=1800 max_per_process=15", "timestamp": "2026-09-15T22:15:15.286264+00:00"}
{"asctime": "2026-09-16 00:15:35,275", "name": "backend.core.cache", "levelname": "INFO", "correlation_id": "n/a", "message": "Redis connection closed", "timestamp": "2026-09-15T22:15:35.275590+00:00"}
{"asctime": "2026-09-16 00:17:16,225", "name": "backend.core.cache", "levelname": "INFO", "correlation_id": "n/a", "message": "Redis connection established successfully", "timestamp": "2026-09-15T22:17:16.225398+00:00"}
{"asctime": "2026-09-16 00:17:16,235", "name": "backend.db.session", "levelname": "INFO", "correlation_id": "n/a", "message": "db_pool_configured role=api size=5 overflow=10 timeout=30.0 recycle=1800 max_per_process=15", "timestamp": "2026-09-15T22:17:16.235406+00:00"}
{"asctime": "2026-09-16 00:17:17,108", "name": "backend.core.cache", "levelname": "INFO", "correlation_id": "n/a", "message": "Redis connection closed", "timestamp": "2026-09-15T22:17:17.108674+00:00"}
{"asctime": "2026-09-16 00:17:18,756", "name": "backend.core.cache", "levelname": "INFO", "correlation_id": "n/a", "message": "Redis connection established successfully", "timestamp": "2026-09-15T22:17:18.756098+00:00"}
{"asctime": "2026-09-16 00:17:18,766", "name": "backend.db.session", "levelname": "INFO", "correlation_id": "n/a", "message": "db_pool_configured role=api size=5 overflow=10 timeout=30.0 recycle=1800 max_per_process=15", "timestamp": "2026-09-15T22:17:18.766288+00:00"}
{"asctime": "2026-09-16 00:17:18,919", "name": "backend.core.cache", "levelname": "INFO", "correlation_id": "n/a", "message": "Redis connection closed", "timestamp": "2026-09-15T22:17:18.919600+00:00"}
{"asctime": "2026-09-16 00:17:20,550", "name": "backend.core.cache", "levelname": "INFO", "correlation_id": "n/a", "message": "Redis connection established successfully", "timestamp": "2026-09-15T22:17:20.550785+00:00"}
{"asctime": "2026-09-16 00:17:20,561", "name": "backend.db.session", "levelname": "INFO", "correlation_id": "n/a", "message": "db_pool_configured role=api size=5 overflow=10 timeout=30.0 recycle=1800 max_per_process=15", "timestamp": "2026-09-15T22:17:20.561371+00:00"}
{"asctime": "2026-09-16 00:17:40,647", "name": "backend.core.cache", "levelname": "INFO", "correlation_id": "n/a", "message": "Redis connection closed", "timestamp": "2026-09-15T22:17:40.647652+00:00"}
{"asctime": "2026-09-16 00:17:42,342", "name": "backend.core.cache", "levelname": "INFO", "correlation_id": "n/a", "message": "Redis connection established successfully", "timestamp": "2026-09-15T22:17:42.342136+00:00"}
{"asctime": "2026-09-16 00:17:42,352", "name": "backend.db.session", "levelname": "INFO", "correlation_id": "n/a", "message": "db_pool_configured role=api size=5 overflow=10 timeout=30.0 recycle=1800 max_per_process=15", "timestamp": "2026-09-15T22:17:42.352178+00:00"}
{"asctime": "2026-09-16 00:18:48,104", "name": "backend.core.cache", "levelname": "INFO", "correlation_id": "n/a", "message": "Redis connection closed", "timestamp": "2026-09-15T22:18:48.104706+00:00"}
{"asctime": "2026-09-16 00:18:49,753", "name": "backend.core.cache", "levelname": "INFO", "correlation_id": "n/a", "message": "Redis connection established successfully", "timestamp": "2026-09-15T22:18:49.753828+00:00"}
{"asctime": "2026-09-16 00:18:49,763", "name": "backend.db.session", "levelname": "INFO", "correlation_id": "n/a", "message": "db_pool_configured role=api size=5 overflow=10 timeout=30.0 recycle=1800 max_per_process=15", "timestamp": "2026-09-15T22:18:49.763974+00:00"}
{"asctime": "2026-09-16 00:18:50,618", "name": "backend.core.cache", "levelname": "INFO", "correlation_id": "n/a", "message": "Redis connection closed", "timestamp": "2026-09-15T22:18:50.618225+00:00"}
{"asctime": "2026-09-16 00:18:52,261", "name": "backend.core.cache", "levelname": "INFO", "correlation_id": "n/a", "message": "Redis connection established successfully", "timestamp": "2026-09-15T22:18:52.261270+00:00"}
{"asctime": "2026-09-16 00:18:52,271", "name": "backend.db.session", "levelname": "INFO", "correlation_id": "n/a", "message": "db_pool_configured role=api size=5 overflow=10 timeout=30.0 recycle=1800 max_per_process=15", "timestamp": "2026-09-15T22:18:52.271360+00:00"}
{"asctime": "2026-09-16 00:19:16,365", "name": "backend.core.cache", "levelname": "INFO", "correlation_id": "n/a", "message": "Redis connection closed", "timestamp": "2026-09-15T22:19:16.365489+00:00"}
{"asctime": "2026-09-16 00:19:17,989", "name": "backend.core.cache", "levelname": "INFO", "correlation_id": "n/a", "message": "Redis connection established successfully", "timestamp": "2026-09-15T22:19:17.989979+00:00"}
{"asctime": "2026-09-16 00:19:17,999", "name": "backend.db.session", "levelname": "INFO", "correlation_id": "n/a", "message": "db_pool_configured role=api size=5 overflow=10 timeout=30.0 recycle=1800 max_per_process=15", "timestamp": "2026-09-15T22:19:17.999906+00:00"}
{"asctime": "2026-09-16 00:19:25,579", "name": "backend.core.cache", "levelname": "INFO", "correlation_id": "n/a", "message": "Redis connection closed", "timestamp": "2026-09-15T22:19:25.579203+00:00"}
{"asctime": "2026-09-16 00:19:27,272", "name": "backend.core.cache", "levelname": "INFO", "correlation_id": "n/a", "message": "Redis connection established successfully", "timestamp": "2026-09-15T22:19:27.272466+00:00"}
{"asctime": "2026-09-16 00:19:27,283", "name": "backend.db.session", "levelname": "INFO", "correlation_id": "n/a", "message": "db_pool_configured role=api size=5 overflow=10 timeout=30.0 recycle=1800 max_per_process=15", "timestamp": "2026-09-15T22:19:27.283105+00:00"}
{"asctime": "2026-09-16 00:19:27,434", "name": "backend.core.cache", "levelname": "INFO", "correlation_id": "n/a", "message": "Redis connection closed", "timestamp": "2026-09-15T22:19:27.434463+00:00"}
{"asctime": "2026-09-16 00:19:29,040", "name": "backend.core.cache", "levelname": "INFO", "correlation_id": "n/a", "message": "Redis connection established successfully", "timestamp": "2026-09-15T22:19:29.040326+00:00"}
{"asctime": "2026-09-16 00:19:29,050", "name": "backend.db.session", "levelname": "INFO", "correlation_id": "n/a", "message": "db_pool_configured role=api size=5 overflow=10 timeout=30.0 recycle=1800 max_per_process=15", "timestamp": "2026-09-15T22:19:29.050619+00:00"}
{"asctime": "2026-09-16 00:19:49,437", "name": "backend.core.cache", "levelname": "INFO", "correlation_id": "n/a", "message": "Redis connection closed", "timestamp": "2026-09-15T22:19:49.437575+00:00"}
{"asctime": "2026-09-16 00:19:51,060", "name": "backend.core.cache", "levelname": "INFO", "correlation_id": "n/a", "message": "Redis connection established successfully", "timestamp": "2026-09-15T22:19:51.060298+00:00"}
{"asctime": "2026-09-16 00:19:51,070", "name": "backend.db.session", "levelname": "INFO", "correlation_id": "n/a", "message": "db_pool_configured role=api size=5 overflow=10 timeout=30.0 recycle=1800 max_per_process=15", "timestamp": "2026-09-15T22:19:51.070832+00:00"}
{"asctime": "2026-09-16 00:20:01,442", "name": "backend.core.cache", "levelname": "INFO", "correlation_id": "n/a", "message": "Redis connection closed", "timestamp": "2026-09-15T22:20:01.442192+00:00"}
{"asctime": "2026-09-16 00:20:03,158", "name": "backend.core.cache", "levelname": "INFO", "correlation_id": "n/a", "message": "Redis connection established successfully", "timestamp": "2026-09-15T22:20:03.158220+00:00"}
{"asctime": "2026-09-16 00:20:03,169", "name": "backend.db.session", "levelname": "INFO", "correlation_id": "n/a", "message": "db_pool_configured role=api size=5 overflow=10 timeout=30.0 recycle=1800 max_per_process=15", "timestamp": "2026-09-15T22:20:03.169427+00:00"}
{"asctime": "2026-09-16 00:20:14,184", "name": "backend.core.cache", "levelname": "INFO", "correlation_id": "n/a", "message": "Redis connection closed", "timestamp": "2026-09-15T22:20:14.184938+00:00"}
{"asctime": "2026-09-16 00:20:15,912", "name": "backend.core.cache", "levelname": "INFO", "correlation_id": "n/a", "message": "Redis connection established successfully", "timestamp": "2026-09-15T22:20:15.912672+00:00"}
{"asctime": "2026-09-16 00:20:15,922", "name": "backend.db.session", "levelname": "INFO", "correlation_id": "n/a", "message": "db_pool_configured role=api size=5 overflow=10 timeout=30.0 recycle=1800 max_per_process=15", "timestamp": "2026-09-15T22:20:15.922754+00:00"}
{"asctime": "2026-09-16 00:20:16,127", "name": "backend.core.cache", "levelname": "INFO", "correlation_id": "n/a", "message": "Redis connection closed", "timestamp": "2026-09-15T22:20:16.127975+00:00"}
{"asctime": "2026-09-16 00:20:17,767", "name": "backend.core.cache", "levelname": "INFO", "correlation_id": "n/a", "message": "Redis connection established successfully", "timestamp": "2026-09-15T22:20:17.767242+00:00"}
{"asctime": "2026-09-16 00:20:17,777", "name": "backend.db.session", "levelname": "INFO", "correlation_id": "n/a", "message": "db_pool_configured role=api size=5 overflow=10 timeout=30.0 recycle=1800 max_per_process=15", "timestamp": "2026-09-15T22:20:17.777925+00:00"}
{"asctime": "2026-09-16 00:20:41,521", "name": "backend.core.cache", "levelname": "INFO", "correlation_id": "n/a", "message": "Redis connection closed", "timestamp": "2026-09-15T22:20:41.521670+00:00"}
{"asctime": "2026-09-16 00:20:43,202", "name": "backend.core.cache", "levelname": "INFO", "correlation_id": "n/a", "message": "Redis connection established successfully", "timestamp": "2026-09-15T22:20:43.202815+00:00"}
{"asctime": "2026-09-16 00:20:43,213", "name": "backend.db.session", "levelname": "INFO", "correlation_id": "n/a", "message": "db_pool_configured role=api size=5 overflow=10 timeout=30.0 recycle=1800 max_per_process=15", "timestamp": "2026-09-15T22:20:43.213618+00:00"}
{"asctime": "2026-09-16 00:21:15,596", "name": "backend.core.cache", "levelname": "INFO", "correlation_id": "n/a", "message": "Redis connection closed", "timestamp": "2026-09-15T22:21:15.596940+00:00"}
{"asctime": "2026-09-16 00:21:17,254", "name": "backend.core.cache", "levelname": "INFO", "correlation_id": "n/a", "message": "Redis connection established successfully", "timestamp": "2026-09-15T22:21:17.254021+00:00"}
{"asctime": "2026-09-16 00:21:17,263", "name": "backend.db.session", "levelname": "INFO", "correlation_id": "n/a", "message": "db_pool_configured role=api size=5 overflow=10 timeout=30.0 recycle=1800 max_per_process=15", "timestamp": "2026-09-15T22:21:17.263892+00:00"}
{"asctime": "2026-09-16 00:21:20,776", "name": "backend.core.cache", "levelname": "INFO", "correlation_id": "n/a", "message": "Redis connection closed", "timestamp": "2026-09-15T22:21:20.776230+00:00"}
{"asctime": "2026-09-16 00:21:22,460", "name": "backend.core.cache", "levelname": "INFO", "correlation_id": "n/a", "message": "Redis connection established successfully", "timestamp": "2026-09-15T22:21:22.460801+00:00"}
{"asctime": "2026-09-16 00:21:22,470", "name": "backend.db.session", "levelname": "INFO", "correlation_id": "n/a", "message": "db_pool_configured role=api size=5 overflow=10 timeout=30.0 recycle=1800 max_per_process=15", "timestamp": "2026-09-15T22:21:22.470765+00:00"}
{"asctime": "2026-09-16 00:21:35,399", "name": "backend.core.cache", "levelname": "INFO", "correlation_id": "n/a", "message": "Redis connection closed", "timestamp": "2026-09-15T22:21:35.399206+00:00"}
{"asctime": "2026-09-16 00:21:37,126", "name": "backend.core.cache", "levelname": "INFO", "correlation_id": "n/a", "message": "Redis connection established successfully", "timestamp": "2026-09-15T22:21:37.126692+00:00"}
{"asctime": "2026-09-16 00:21:37,137", "name": "backend.db.session", "levelname": "INFO", "correlation_id": "n/a", "message": "db_pool_configured role=api size=5 overflow=10 timeout=30.0 recycle=1800 max_per_process=15", "timestamp": "2026-09-15T22:21:37.137018+00:00"}
{"asctime": "2026-09-16 00:21:37,349", "name": "backend.core.cache", "levelname": "INFO", "correlation_id": "n/a", "message": "Redis connection closed", "timestamp": "2026-09-15T22:21:37.349488+00:00"}
{"asctime": "2026-09-16 00:21:39,036", "name": "backend.core.cache", "levelname": "INFO", "correlation_id": "n/a", "message": "Redis connection established successfully", "timestamp": "2026-09-15T22:21:39.036666+00:00"}
{"asctime": "2026-09-16 00:21:39,046", "name": "backend.db.session", "levelname": "INFO", "correlation_id": "n/a", "message": "db_pool_configured role=api size=5 overflow=10 timeout=30.0 recycle=1800 max_per_process=15", "timestamp": "2026-09-15T22:21:39.046908+00:00"}
{"asctime": "2026-09-16 00:21:39,255", "name": "backend.core.cache", "levelname": "INFO", "correlation_id": "n/a", "message": "Redis connection closed", "timestamp": "2026-09-15T22:21:39.255778+00:00"}
{"asctime": "2026-09-16 00:21:40,979", "name": "backend.core.cache", "levelname": "INFO", "correlation_id": "n/a", "message": "Redis connection established successfully", "timestamp": "2026-09-15T22:21:40.979934+00:00"}
{"asctime": "2026-09-16 00:21:40,990", "name": "backend.db.session", "levelname": "INFO", "correlation_id": "n/a", "message": "db_pool_configured role=api size=5 overflow=10 timeout=30.0 recycle=1800 max_per_process=15", "timestamp": "2026-09-15T22:21:40.990377+00:00"}
{"asctime": "2026-09-16 00:21:41,200", "name": "backend.core.cache", "levelname": "INFO", "correlation_id": "n/a", "message": "Redis connection closed", "timestamp": "2026-09-15T22:21:41.200695+00:00"}
{"asctime": "2026-09-16 00:21:42,853", "name": "backend.core.cache", "levelname": "INFO", "correlation_id": "n/a", "message": "Redis connection established successfully", "timestamp": "2026-09-15T22:21:42.853224+00:00"}
{"asctime": "2026-09-16 00:21:42,863", "name": "backend.db.session", "levelname": "INFO", "correlation_id": "n/a", "message": "db_pool_configured role=api size=5 overflow=10 timeout=30.0 recycle=1800 max_per_process=15", "timestamp": "2026-09-15T22:21:42.863838+00:00"}
{"asctime": "2026-09-16 00:21:43,073", "name": "backend.core.cache", "levelname": "INFO", "correlation_id": "n/a", "message": "Redis connection closed", "timestamp": "2026-09-15T22:21:43.073118+00:00"}
{"asctime": "2026-09-16 00:21:44,719", "name": "backend.core.cache", "levelname": "INFO", "correlation_id": "n/a", "message": "Redis connection established successfully", "timestamp": "2026-09-15T22:21:44.719255+00:00"}
{"asctime": "2026-09-16 00:21:44,729", "name": "backend.db.session", "levelname": "INFO", "correlation_id": "n/a", "message": "db_pool_configured role=api size=5 overflow=10 timeout=30.0 recycle=1800 max_per_process=15", "timestamp": "2026-09-15T22:21:44.729534+00:00"}
{"asctime": "2026-09-16 00:21:56,753", "name": "backend.core.cache", "levelname": "INFO", "correlation_id": "n/a", "message": "Redis connection closed", "timestamp": "2026-09-15T22:21:56.753793+00:00"}
{"asctime": "2026-09-16 00:21:58,403", "name": "backend.core.cache", "levelname": "INFO", "correlation_id": "n/a", "message": "Redis connection established successfully", "timestamp": "2026-09-15T22:21:58.403816+00:00"}
{"asctime": "2026-09-16 00:21:58,413", "name": "backend.db.session", "levelname": "INFO", "correlation_id": "n/a", "message": "db_pool_configured role=api size=5 overflow=10 timeout=30.0 recycle=1800 max_per_process=15", "timestamp": "2026-09-15T22:21:58.413676+00:00"}
{"asctime": "2026-09-16 00:22:42,787", "name": "backend.core.cache", "levelname": "INFO", "correlation_id": "n/a", "message": "Redis connection closed", "timestamp": "2026-09-15T22:22:42.787693+00:00"}
{"asctime": "2026-09-16 00:22:44,457", "name": "backend.core.cache", "levelname": "INFO", "correlation_id": "n/a", "message": "Redis connection established successfully", "timestamp": "2026-09-15T22:22:44.457365+00:00"}
{"asctime": "2026-09-16 00:22:44,467", "name": "backend.db.session", "levelname": "INFO", "correlation_id": "n/a", "message": "db_pool_configured role=api size=5 overflow=10 timeout=30.0 recycle=1800 max_per_process=15", "timestamp": "2026-09-15T22:22:44.467252+00:00"}
{"asctime": "2026-09-16 00:22:51,488", "name": "backend.core.cache", "levelname": "INFO", "correlation_id": "n/a", "message": "Redis connection closed", "timestamp": "2026-09-15T22:22:51.488048+00:00"}
{"asctime": "2026-09-16 00:22:53,176", "name": "backend.core.cache", "levelname": "INFO", "correlation_id": "n/a", "message": "Redis connection established successfully", "timestamp": "2026-09-15T22:22:53.176140+00:00"}
{"asctime": "2026-09-16 00:22:53,187", "name": "backend.db.session", "levelname": "INFO", "correlation_id": "n/a", "message": "db_pool_configured role=api size=5 overflow=10 timeout=30.0 recycle=1800 max_per_process=15", "timestamp": "2026-09-15T22:22:53.187124+00:00"}
{"asctime": "2026-09-16 00:22:54,797", "name": "backend.core.cache", "levelname": "INFO", "correlation_id": "n/a", "message": "Redis connection closed", "timestamp": "2026-09-15T22:22:54.797530+00:00"}
{"asctime": "2026-09-16 00:22:56,541", "name": "backend.core.cache", "levelname": "INFO", "correlation_id": "n/a", "message": "Redis connection established successfully", "timestamp": "2026-09-15T22:22:56.541906+00:00"}
{"asctime": "2026-09-16 00:22:56,553", "name": "backend.db.session", "levelname": "INFO", "correlation_id": "n/a", "message": "db_pool_configured role=api size=5 overflow=10 timeout=30.0 recycle=1800 max_per_process=15", "timestamp": "2026-09-15T22:22:56.553321+00:00"}
{"asctime": "2026-09-16 00:22:56,763", "name": "backend.core.cache", "levelname": "INFO", "correlation_id": "n/a", "message": "Redis connection closed", "timestamp": "2026-09-15T22:22:56.763131+00:00"}
{"asctime": "2026-09-16 00:22:58,428", "name": "backend.core.cache", "levelname": "INFO", "correlation_id": "n/a", "message": "Redis connection established successfully", "timestamp": "2026-09-15T22:22:58.428934+00:00"}
{"asctime": "2026-09-16 00:22:58,440", "name": "backend.db.session", "levelname": "INFO", "correlation_id": "n/a", "message": "db_pool_configured role=api size=5 overflow=10 timeout=30.0 recycle=1800 max_per_process=15", "timestamp": "2026-09-15T22:22:58.440307+00:00"}
{"asctime": "2026-09-16 00:23:14,576", "name": "backend.core.cache", "levelname": "INFO", "correlation_id": "n/a", "message": "Redis connection closed", "timestamp": "2026-09-15T22:23:14.576695+00:00"}
{"asctime": "2026-09-16 00:23:16,238", "name": "backend.core.cache", "levelname": "INFO", "correlation_id": "n/a", "message": "Redis connection established successfully", "timestamp": "2026-09-15T22:23:16.238280+00:00"}
{"asctime": "2026-09-16 00:23:16,248", "name": "backend.db.session", "levelname": "INFO", "correlation_id": "n/a", "message": "db_pool_configured role=api size=5 overflow=10 timeout=30.0 recycle=1800 max_per_process=15", "timestamp": "2026-09-15T22:23:16.248382+00:00"}
{"asctime": "2026-09-16 00:23:18,959", "name": "backend.core.cache", "levelname": "INFO", "correlation_id": "n/a", "message": "Redis connection closed", "timestamp": "2026-09-15T22:23:18.959310+00:00"}
{"asctime": "2026-09-16 00:23:20,648", "name": "backend.core.cache", "levelname": "INFO", "correlation_id": "n/a", "message": "Redis connection established successfully", "timestamp": "2026-09-15T22:23:20.648657+00:00"}
{"asctime": "2026-09-16 00:23:20,659", "name": "backend.db.session", "levelname": "INFO", "correlation_id": "n/a", "message": "db_pool_configured role=api size=5 overflow=10 timeout=30.0 recycle=1800 max_per_process=15", "timestamp": "2026-09-15T22:23:20.659871+00:00"}
{"asctime": "2026-09-16 00:23:20,871", "name": "backend.core.cache", "levelname": "INFO", "correlation_id": "n/a", "message": "Redis connection closed", "timestamp": "2026-09-15T22:23:20.871541+00:00"}
{"asctime": "2026-09-16 00:23:22,518", "name": "backend.core.cache", "levelname": "INFO", "correlation_id": "n/a", "message": "Redis connection established successfully", "timestamp": "2026-09-15T22:23:22.518861+00:00"}
{"asctime": "2026-09-16 00:23:22,529", "name": "backend.db.session", "levelname": "INFO", "correlation_id": "n/a", "message": "db_pool_configured role=api size=5 overflow=10 timeout=30.0 recycle=1800 max_per_process=15", "timestamp": "2026-09-15T22:23:22.529583+00:00"}
{"asctime": "2026-09-16 00:23:24,641", "name": "backend.core.cache", "levelname": "INFO", "correlation_id": "n/a", "message": "Redis connection closed", "timestamp": "2026-09-15T22:23:24.641316+00:00"}
{"asctime": "2026-09-16 00:23:26,383", "name": "backend.core.cache", "levelname": "INFO", "correlation_id": "n/a", "message": "Redis connection established successfully", "timestamp": "2026-09-15T22:23:26.383555+00:00"}
{"asctime": "2026-09-16 00:23:26,394", "name": "backend.db.session", "levelname": "INFO", "correlation_id": "n/a", "message": "db_pool_configured role=api size=5 overflow=10 timeout=30.0 recycle=1800 max_per_process=15", "timestamp": "2026-09-15T22:23:26.394513+00:00"}
{"asctime": "2026-09-16 00:23:26,602", "name": "backend.core.cache", "levelname": "INFO", "correlation_id": "n/a", "message": "Redis connection closed", "timestamp": "2026-09-15T22:23:26.602101+00:00"}
{"asctime": "2026-09-16 00:23:28,270", "name": "backend.core.cache", "levelname": "INFO", "correlation_id": "n/a", "message": "Redis connection established successfully", "timestamp": "2026-09-15T22:23:28.270530+00:00"}
{"asctime": "2026-09-16 00:23:28,281", "name": "backend.db.session", "levelname": "INFO", "correlation_id": "n/a", "message": "db_pool_configured role=api size=5 overflow=10 timeout=30.0 recycle=1800 max_per_process=15", "timestamp": "2026-09-15T22:23:28.281371+00:00"}
{"asctime": "2026-09-16 00:23:47,024", "name": "backend.core.cache", "levelname": "INFO", "correlation_id": "n/a", "message": "Redis connection closed", "timestamp": "2026-09-15T22:23:47.024579+00:00"}
{"asctime": "2026-09-16 00:23:48,694", "name": "backend.core.cache", "levelname": "INFO", "correlation_id": "n/a", "message": "Redis connection established successfully", "timestamp": "2026-09-15T22:23:48.694367+00:00"}
{"asctime": "2026-09-16 00:23:48,705", "name": "backend.db.session", "levelname": "INFO", "correlation_id": "n/a", "message": "db_pool_configured role=api size=5 overflow=10 timeout=30.0 recycle=1800 max_per_process=15", "timestamp": "2026-09-15T22:23:48.705333+00:00"}
{"asctime": "2026-09-16 00:23:51,354", "name": "backend.core.cache", "levelname": "INFO", "correlation_id": "n/a", "message": "Redis connection closed", "timestamp": "2026-09-15T22:23:51.354033+00:00"}
{"asctime": "2026-09-16 00:23:53,040", "name": "backend.core.cache", "levelname": "INFO", "correlation_id": "n/a", "message": "Redis connection established successfully", "timestamp": "2026-09-15T22:23:53.040690+00:00"}
{"asctime": "2026-09-16 00:23:53,051", "name": "backend.db.session", "levelname": "INFO", "correlation_id": "n/a", "message": "db_pool_configured role=api size=5 overflow=10 timeout=30.0 recycle=1800 max_per_process=15", "timestamp": "2026-09-15T22:23:53.051259+00:00"}
{"asctime": "2026-09-16 00:24:09,785", "name": "backend.core.cache", "levelname": "INFO", "correlation_id": "n/a", "message": "Redis connection closed", "timestamp": "2026-09-15T22:24:09.785635+00:00"}
{"asctime": "2026-09-16 00:24:11,532", "name": "backend.core.cache", "levelname": "INFO", "correlation_id": "n/a", "message": "Redis connection established successfully", "timestamp": "2026-09-15T22:24:11.532829+00:00"}
{"asctime": "2026-09-16 00:24:11,544", "name": "backend.db.session", "levelname": "INFO", "correlation_id": "n/a", "message": "db_pool_configured role=api size=5 overflow=10 timeout=30.0 recycle=1800 max_per_process=15", "timestamp": "2026-09-15T22:24:11.544083+00:00"}
{"asctime": "2026-09-16 00:25:09,448", "name": "backend.core.cache", "levelname": "INFO", "correlation_id": "n/a", "message": "Redis connection closed", "timestamp": "2026-09-15T22:25:09.448096+00:00"}
{"asctime": "2026-09-16 00:25:11,155", "name": "backend.core.cache", "levelname": "INFO", "correlation_id": "n/a", "message": "Redis connection established successfully", "timestamp": "2026-09-15T22:25:11.155236+00:00"}
{"asctime": "2026-09-16 00:25:11,169", "name": "backend.db.session", "levelname": "INFO", "correlation_id": "n/a", "message": "db_pool_configured role=api size=5 overflow=10 timeout=30.0 recycle=1800 max_per_process=15", "timestamp": "2026-09-15T22:25:11.169426+00:00"}
{"asctime": "2026-09-16 00:25:33,527", "name": "backend.core.cache", "levelname": "INFO", "correlation_id": "n/a", "message": "Redis connection closed", "timestamp": "2026-09-15T22:25:33.527282+00:00"}
{"asctime": "2026-09-16 00:25:35,237", "name": "backend.core.cache", "levelname": "INFO", "correlation_id": "n/a", "message": "Redis connection established successfully", "timestamp": "2026-09-15T22:25:35.237788+00:00"}
{"asctime": "2026-09-16 00:25:35,248", "name": "backend.db.session", "levelname": "INFO", "correlation_id": "n/a", "message": "db_pool_configured role=api size=5 overflow=10 timeout=30.0 recycle=1800 max_per_process=15", "timestamp": "2026-09-15T22:25:35.248185+00:00"}
{"asctime": "2026-09-16 00:25:35,455", "name": "backend.core.cache", "levelname": "INFO", "correlation_id": "n/a", "message": "Redis connection closed", "timestamp": "2026-09-15T22:25:35.455953+00:00"}
{"asctime": "2026-09-16 00:25:37,093", "name": "backend.core.cache", "levelname": "INFO", "correlation_id": "n/a", "message": "Redis connection established successfully", "timestamp": "2026-09-15T22:25:37.093702+00:00"}
{"asctime": "2026-09-16 00:25:37,104", "name": "backend.db.session", "levelname": "INFO", "correlation_id": "n/a", "message": "db_pool_configured role=api size=5 overflow=10 timeout=30.0 recycle=1800 max_per_process=15", "timestamp": "2026-09-15T22:25:37.104575+00:00"}
{"asctime": "2026-09-16 00:25:41,421", "name": "backend.core.cache", "levelname": "INFO", "correlation_id": "n/a", "message": "Redis connection closed", "timestamp": "2026-09-15T22:25:41.421223+00:00"}
{"asctime": "2026-09-16 00:25:43,080", "name": "backend.core.cache", "levelname": "INFO", "correlation_id": "n/a", "message": "Redis connection established successfully", "timestamp": "2026-09-15T22:25:43.080636+00:00"}
{"asctime": "2026-09-16 00:25:43,091", "name": "backend.db.session", "levelname": "INFO", "correlation_id": "n/a", "message": "db_pool_configured role=api size=5 overflow=10 timeout=30.0 recycle=1800 max_per_process=15", "timestamp": "2026-09-15T22:25:43.091739+00:00"}
{"asctime": "2026-09-16 00:25:44,504", "name": "backend.core.cache", "levelname": "INFO", "correlation_id": "n/a", "message": "Redis connection closed", "timestamp": "2026-09-15T22:25:44.504816+00:00"}
{"asctime": "2026-09-16 00:25:46,164", "name": "backend.core.cache", "levelname": "INFO", "correlation_id": "n/a", "message": "Redis connection established successfully", "timestamp": "2026-09-15T22:25:46.164881+00:00"}
{"asctime": "2026-09-16 00:25:46,175", "name": "backend.db.session", "levelname": "INFO", "correlation_id": "n/a", "message": "db_pool_configured role=api size=5 overflow=10 timeout=30.0 recycle=1800 max_per_process=15", "timestamp": "2026-09-15T22:25:46.175928+00:00"}
{"asctime": "2026-09-16 00:25:50,690", "name": "backend.core.cache", "levelname": "INFO", "correlation_id": "n/a", "message": "Redis connection closed", "timestamp": "2026-09-15T22:25:50.690297+00:00"}
{"asctime": "2026-09-16 00:25:52,424", "name": "backend.core.cache", "levelname": "INFO", "correlation_id": "n/a", "message": "Redis connection established successfully", "timestamp": "2026-09-15T22:25:52.424271+00:00"}
{"asctime": "2026-09-16 00:25:52,434", "name": "backend.db.session", "levelname": "INFO", "correlation_id": "n/a", "message": "db_pool_configured role=api size=5 overflow=10 timeout=30.0 recycle=1800 max_per_process=15", "timestamp": "2026-09-15T22:25:52.434914+00:00"}
{"asctime": "2026-09-16 00:25:52,643", "name": "backend.core.cache", "levelname": "INFO", "correlation_id": "n/a", "message": "Redis connection closed", "timestamp": "2026-09-15T22:25:52.643550+00:00"}
{"asctime": "2026-09-16 00:25:54,308", "name": "backend.core.cache", "levelname": "INFO", "correlation_id": "n/a", "message": "Redis connection established successfully", "timestamp": "2026-09-15T22:25:54.308599+00:00"}
{"asctime": "2026-09-16 00:25:54,319", "name": "backend.db.session", "levelname": "INFO", "correlation_id": "n/a", "message": "db_pool_configured role=api size=5 overflow=10 timeout=30.0 recycle=1800 max_per_process=15", "timestamp": "2026-09-15T22:25:54.319297+00:00"}
{"asctime": "2026-09-16 00:26:03,249", "name": "backend.core.cache", "levelname": "INFO", "correlation_id": "n/a", "message": "Redis connection closed", "timestamp": "2026-09-15T22:26:03.249324+00:00"}
{"asctime": "2026-09-16 00:26:04,938", "name": "backend.core.cache", "levelname": "INFO", "correlation_id": "n/a", "message": "Redis connection established successfully", "timestamp": "2026-09-15T22:26:04.938307+00:00"}
{"asctime": "2026-09-16 00:26:04,948", "name": "backend.db.session", "levelname": "INFO", "correlation_id": "n/a", "message": "db_pool_configured role=api size=5 overflow=10 timeout=30.0 recycle=1800 max_per_process=15", "timestamp": "2026-09-15T22:26:04.948556+00:00"}
{"asctime": "2026-09-16 00:26:23,786", "name": "backend.core.cache", "levelname": "INFO", "correlation_id": "n/a", "message": "Redis connection closed", "timestamp": "2026-09-15T22:26:23.786436+00:00"}
{"asctime": "2026-09-16 00:26:25,516", "name": "backend.core.cache", "levelname": "INFO", "correlation_id": "n/a", "message": "Redis connection established successfully", "timestamp": "2026-09-15T22:26:25.516712+00:00"}
{"asctime": "2026-09-16 00:26:25,526", "name": "backend.db.session", "levelname": "INFO", "correlation_id": "n/a", "message": "db_pool_configured role=api size=5 overflow=10 timeout=30.0 recycle=1800 max_per_process=15", "timestamp": "2026-09-15T22:26:25.526814+00:00"}
{"asctime": "2026-09-16 00:26:25,737", "name": "backend.core.cache", "levelname": "INFO", "correlation_id": "n/a", "message": "Redis connection closed", "timestamp": "2026-09-15T22:26:25.737881+00:00"}
{"asctime": "2026-09-16 00:26:27,490", "name": "backend.core.cache", "levelname": "INFO", "correlation_id": "n/a", "message": "Redis connection established successfully", "timestamp": "2026-09-15T22:26:27.490782+00:00"}
{"asctime": "2026-09-16 00:26:27,501", "name": "backend.db.session", "levelname": "INFO", "correlation_id": "n/a", "message": "db_pool_configured role=api size=5 overflow=10 timeout=30.0 recycle=1800 max_per_process=15", "timestamp": "2026-09-15T22:26:27.501073+00:00"}
{"asctime": "2026-09-16 00:26:55,656", "name": "backend.core.cache", "levelname": "INFO", "correlation_id": "n/a", "message": "Redis connection closed", "timestamp": "2026-09-15T22:26:55.656273+00:00"}
{"asctime": "2026-09-16 00:26:57,354", "name": "backend.core.cache", "levelname": "INFO", "correlation_id": "n/a", "message": "Redis connection established successfully", "timestamp": "2026-09-15T22:26:57.354988+00:00"}
{"asctime": "2026-09-16 00:26:57,365", "name": "backend.db.session", "levelname": "INFO", "correlation_id": "n/a", "message": "db_pool_configured role=api size=5 overflow=10 timeout=30.0 recycle=1800 max_per_process=15", "timestamp": "2026-09-15T22:26:57.365374+00:00"}
{"asctime": "2026-09-16 00:27:06,395", "name": "backend.core.cache", "levelname": "INFO", "correlation_id": "n/a", "message": "Redis connection closed", "timestamp": "2026-09-15T22:27:06.395551+00:00"}
{"asctime": "2026-09-16 00:27:08,145", "name": "backend.core.cache", "levelname": "INFO", "correlation_id": "n/a", "message": "Redis connection established successfully", "timestamp": "2026-09-15T22:27:08.145816+00:00"}
{"asctime": "2026-09-16 00:27:08,156", "name": "backend.db.session", "levelname": "INFO", "correlation_id": "n/a", "message": "db_pool_configured role=api size=5 overflow=10 timeout=30.0 recycle=1800 max_per_process=15", "timestamp": "2026-09-15T22:27:08.156471+00:00"}
{"asctime": "2026-09-16 00:27:08,369", "name": "backend.core.cache", "levelname": "INFO", "correlation_id": "n/a", "message": "Redis connection closed", "timestamp": "2026-09-15T22:27:08.369548+00:00"}
{"asctime": "2026-09-16 00:27:10,077", "name": "backend.core.cache", "levelname": "INFO", "correlation_id": "n/a", "message": "Redis connection established successfully", "timestamp": "2026-09-15T22:27:10.077498+00:00"}
{"asctime": "2026-09-16 00:27:10,088", "name": "backend.db.session", "levelname": "INFO", "correlation_id": "n/a", "message": "db_pool_configured role=api size=5 overflow=10 timeout=30.0 recycle=1800 max_per_process=15", "timestamp": "2026-09-15T22:27:10.088622+00:00"}
{"asctime": "2026-09-16 00:27:21,216", "name": "backend.core.cache", "levelname": "INFO", "correlation_id": "n/a", "message": "Redis connection closed", "timestamp": "2026-09-15T22:27:21.216355+00:00"}
{"asctime": "2026-09-16 00:27:22,963", "name": "backend.core.cache", "levelname": "INFO", "correlation_id": "n/a", "message": "Redis connection established successfully", "timestamp": "2026-09-15T22:27:22.963803+00:00"}
{"asctime": "2026-09-16 00:27:22,974", "name": "backend.db.session", "levelname": "INFO", "correlation_id": "n/a", "message": "db_pool_configured role=api size=5 overflow=10 timeout=30.0 recycle=1800 max_per_process=15", "timestamp": "2026-09-15T22:27:22.974390+00:00"}
{"asctime": "2026-09-16 00:27:23,190", "name": "backend.core.cache", "levelname": "INFO", "correlation_id": "n/a", "message": "Redis connection closed", "timestamp": "2026-09-15T22:27:23.190739+00:00"}
{"asctime": "2026-09-16 00:27:24,908", "name": "backend.core.cache", "levelname": "INFO", "correlation_id": "n/a", "message": "Redis connection established successfully", "timestamp": "2026-09-15T22:27:24.908365+00:00"}
{"asctime": "2026-09-16 00:27:24,918", "name": "backend.db.session", "levelname": "INFO", "correlation_id": "n/a", "message": "db_pool_configured role=api size=5 overflow=10 timeout=30.0 recycle=1800 max_per_process=15", "timestamp": "2026-09-15T22:27:24.918359+00:00"}
{"asctime": "2026-09-16 00:27:37,546", "name": "backend.core.cache", "levelname": "INFO", "correlation_id": "n/a", "message": "Redis connection closed", "timestamp": "2026-09-15T22:27:37.546577+00:00"}
{"asctime": "2026-09-16 00:27:39,275", "name": "backend.core.cache", "levelname": "INFO", "correlation_id": "n/a", "message": "Redis connection established successfully", "timestamp": "2026-09-15T22:27:39.275941+00:00"}
{"asctime": "2026-09-16 00:27:39,286", "name": "backend.db.session", "levelname": "INFO", "correlation_id": "n/a", "message": "db_pool_configured role=api size=5 overflow=10 timeout=30.0 recycle=1800 max_per_process=15", "timestamp": "2026-09-15T22:27:39.286742+00:00"}
{"asctime": "2026-09-16 00:27:39,499", "name": "backend.core.cache", "levelname": "INFO", "correlation_id": "n/a", "message": "Redis connection closed", "timestamp": "2026-09-15T22:27:39.499202+00:00"}
{"asctime": "2026-09-16 00:27:41,217", "name": "backend.core.cache", "levelname": "INFO", "correlation_id": "n/a", "message": "Redis connection established successfully", "timestamp": "2026-09-15T22:27:41.217209+00:00"}
{"asctime": "2026-09-16 00:27:41,232", "name": "backend.db.session", "levelname": "INFO", "correlation_id": "n/a", "message": "db_pool_configured role=api size=5 overflow=10 timeout=30.0 recycle=1800 max_per_process=15", "timestamp": "2026-09-15T22:27:41.232833+00:00"}
{"asctime": "2026-09-16 00:28:14,608", "name": "backend.core.cache", "levelname": "INFO", "correlation_id": "n/a", "message": "Redis connection closed", "timestamp": "2026-09-15T22:28:14.608745+00:00"}
{"asctime": "2026-09-16 00:28:16,297", "name": "backend.core.cache", "levelname": "INFO", "correlation_id": "n/a", "message": "Redis connection established successfully", "timestamp": "2026-09-15T22:28:16.297591+00:00"}
{"asctime": "2026-09-16 00:28:16,307", "name": "backend.db.session", "levelname": "INFO", "correlation_id": "n/a", "message": "db_pool_configured role=api size=5 overflow=10 timeout=30.0 recycle=1800 max_per_process=15", "timestamp": "2026-09-15T22:28:16.307890+00:00"}
{"asctime": "2026-09-16 00:28:44,978", "name": "backend.modules.chess_video.service", "levelname": "ERROR", "correlation_id": "n/a", "message": "chess video job 896535aa-e86e-49f0-98d7-7ab677f7171f failed", "exc_info": "Traceback (most recent call last):\n  File \"/home/polat/Desktop/Projects/content_generator/backend/modules/chess_video/service.py\", line 214, in process_job\n    await self._set_progress(job, ChessVideoJobStatus.VALIDATING, 0.10)\n  File \"/home/polat/Desktop/Projects/content_generator/backend/tests/test_chess_video_service.py\", line 150, in boom\n    raise RuntimeError(\"storage down\")\nRuntimeError: storage down", "timestamp": "2026-09-15T22:28:44.978706+00:00"}
{"asctime": "2026-09-16 00:28:45,878", "name": "backend.core.http", "levelname": "INFO", "correlation_id": "corr-test-123", "message": "http_client_started max_connections=100 keepalive=20", "timestamp": "2026-09-15T22:28:45.878462+00:00"}
{"asctime": "2026-09-16 00:28:45,879", "name": "httpx", "levelname": "INFO", "correlation_id": "corr-test-123", "message": "HTTP Request: GET https://example.test/item \"HTTP/1.1 429 Too Many Requests\"", "timestamp": "2026-09-15T22:28:45.879345+00:00"}
{"asctime": "2026-09-16 00:28:45,879", "name": "httpx", "levelname": "INFO", "correlation_id": "corr-test-123", "message": "HTTP Request: GET https://example.test/item \"HTTP/1.1 200 OK\"", "timestamp": "2026-09-15T22:28:45.879925+00:00"}
{"asctime": "2026-09-16 00:28:45,880", "name": "httpx", "levelname": "INFO", "correlation_id": "corr-http-123", "message": "HTTP Request: GET https://example.test/context \"HTTP/1.1 200 OK\"", "timestamp": "2026-09-15T22:28:45.880475+00:00"}
{"asctime": "2026-09-16 00:28:45,883", "name": "backend.core.http", "levelname": "INFO", "correlation_id": "n/a", "message": "http_client_closed", "timestamp": "2026-09-15T22:28:45.883269+00:00"}
{"asctime": "2026-09-16 00:28:46,032", "name": "backend.core.http", "levelname": "INFO", "correlation_id": "corr-test-123", "message": "http_client_started max_connections=100 keepalive=20", "timestamp": "2026-09-15T22:28:46.032475+00:00"}
{"asctime": "2026-09-16 00:28:46,033", "name": "httpx", "levelname": "INFO", "correlation_id": "corr-test-123", "message": "HTTP Request: GET https://example.test/phase4 \"HTTP/1.1 429 Too Many Requests\"", "timestamp": "2026-09-15T22:28:46.033124+00:00"}
{"asctime": "2026-09-16 00:28:46,033", "name": "httpx", "levelname": "INFO", "correlation_id": "corr-test-123", "message": "HTTP Request: GET https://example.test/phase4 \"HTTP/1.1 200 OK\"", "timestamp": "2026-09-15T22:28:46.033597+00:00"}
{"asctime": "2026-09-16 00:28:46,108", "name": "backend.core.cache_codec", "levelname": "WARNING", "correlation_id": "corr-test-123", "message": "cache_codec_decode_miss", "timestamp": "2026-09-15T22:28:46.108673+00:00"}
{"asctime": "2026-09-16 00:28:46,109", "name": "backend.core.cache", "levelname": "ERROR", "correlation_id": "corr-test-123", "message": "flush_all_refused use flush_namespace instead", "timestamp": "2026-09-15T22:28:46.109359+00:00"}
{"asctime": "2026-09-16 00:28:46,109", "name": "backend.core.cache_codec", "levelname": "WARNING", "correlation_id": "corr-test-123", "message": "cache_codec_decode_miss", "timestamp": "2026-09-15T22:28:46.109860+00:00"}
{"asctime": "2026-09-16 00:28:46,137", "name": "backend.core.rollout", "levelname": "WARNING", "correlation_id": "n/a", "message": "rollout_mode_invalid value=nope falling_back=on", "timestamp": "2026-09-15T22:28:46.137157+00:00"}
{"asctime": "2026-09-16 00:28:46,139", "name": "backend.core.rollout", "levelname": "INFO", "correlation_id": "n/a", "message": "multi_account_shadow tenant=753d7e4c-0543-494b-8fa8-85e4b4067d41 selected=2 collapsed=1 delta=1", "timestamp": "2026-09-15T22:28:46.139325+00:00"}
{"asctime": "2026-09-16 00:28:46,147", "name": "backend.core.cache_codec", "levelname": "WARNING", "correlation_id": "n/a", "message": "cache_codec_decode_miss", "timestamp": "2026-09-15T22:28:46.147788+00:00"}
{"asctime": "2026-09-16 00:28:46,148", "name": "backend.core.tenant_cache", "levelname": "ERROR", "correlation_id": "n/a", "message": "cache_set_blocked key=cg:dev:a9e98a3d-702c-4a34-829d-eb63bfe46659:identity:bad reason=refusing to cache credential field 'password_hash'", "timestamp": "2026-09-15T22:28:46.148892+00:00"}
{"asctime": "2026-09-16 00:29:04,192", "name": "backend.core.cache", "levelname": "INFO", "correlation_id": "n/a", "message": "Redis connection closed", "timestamp": "2026-09-15T22:29:04.192201+00:00"}
{"asctime": "2026-09-16 00:29:05,934", "name": "backend.core.cache", "levelname": "INFO", "correlation_id": "n/a", "message": "Redis connection established successfully", "timestamp": "2026-09-15T22:29:05.934133+00:00"}
{"asctime": "2026-09-16 00:29:05,943", "name": "backend.db.session", "levelname": "INFO", "correlation_id": "n/a", "message": "db_pool_configured role=api size=5 overflow=10 timeout=30.0 recycle=1800 max_per_process=15", "timestamp": "2026-09-15T22:29:05.943934+00:00"}
{"asctime": "2026-09-16 00:29:06,155", "name": "backend.core.cache", "levelname": "INFO", "correlation_id": "n/a", "message": "Redis connection closed", "timestamp": "2026-09-15T22:29:06.155557+00:00"}
{"asctime": "2026-09-16 00:29:07,841", "name": "backend.core.cache", "levelname": "INFO", "correlation_id": "n/a", "message": "Redis connection established successfully", "timestamp": "2026-09-15T22:29:07.841722+00:00"}
{"asctime": "2026-09-16 00:29:07,852", "name": "backend.db.session", "levelname": "INFO", "correlation_id": "n/a", "message": "db_pool_configured role=api size=5 overflow=10 timeout=30.0 recycle=1800 max_per_process=15", "timestamp": "2026-09-15T22:29:07.852165+00:00"}
{"asctime": "2026-09-16 00:29:08,060", "name": "backend.core.cache", "levelname": "INFO", "correlation_id": "n/a", "message": "Redis connection closed", "timestamp": "2026-09-15T22:29:08.060739+00:00"}
{"asctime": "2026-09-16 00:29:09,727", "name": "backend.core.cache", "levelname": "INFO", "correlation_id": "n/a", "message": "Redis connection established successfully", "timestamp": "2026-09-15T22:29:09.727422+00:00"}
{"asctime": "2026-09-16 00:29:09,737", "name": "backend.db.session", "levelname": "INFO", "correlation_id": "n/a", "message": "db_pool_configured role=api size=5 overflow=10 timeout=30.0 recycle=1800 max_per_process=15", "timestamp": "2026-09-15T22:29:09.737705+00:00"}
{"asctime": "2026-09-16 00:29:10,446", "name": "backend.core.cache", "levelname": "INFO", "correlation_id": "n/a", "message": "Redis connection closed", "timestamp": "2026-09-15T22:29:10.446900+00:00"}
{"asctime": "2026-09-16 00:29:12,197", "name": "backend.core.cache", "levelname": "INFO", "correlation_id": "n/a", "message": "Redis connection established successfully", "timestamp": "2026-09-15T22:29:12.197872+00:00"}
{"asctime": "2026-09-16 00:29:12,207", "name": "backend.db.session", "levelname": "INFO", "correlation_id": "n/a", "message": "db_pool_configured role=api size=5 overflow=10 timeout=30.0 recycle=1800 max_per_process=15", "timestamp": "2026-09-15T22:29:12.207572+00:00"}
{"asctime": "2026-09-16 00:29:12,415", "name": "backend.core.cache", "levelname": "INFO", "correlation_id": "n/a", "message": "Redis connection closed", "timestamp": "2026-09-15T22:29:12.415354+00:00"}
{"asctime": "2026-09-16 00:29:14,074", "name": "backend.core.cache", "levelname": "INFO", "correlation_id": "n/a", "message": "Redis connection established successfully", "timestamp": "2026-09-15T22:29:14.074631+00:00"}
{"asctime": "2026-09-16 00:29:14,085", "name": "backend.db.session", "levelname": "INFO", "correlation_id": "n/a", "message": "db_pool_configured role=api size=5 overflow=10 timeout=30.0 recycle=1800 max_per_process=15", "timestamp": "2026-09-15T22:29:14.085016+00:00"}
{"asctime": "2026-09-16 00:29:19,903", "name": "backend.core.cache", "levelname": "INFO", "correlation_id": "n/a", "message": "Redis connection closed", "timestamp": "2026-09-15T22:29:19.903586+00:00"}
{"asctime": "2026-09-16 00:29:21,613", "name": "backend.core.cache", "levelname": "INFO", "correlation_id": "n/a", "message": "Redis connection established successfully", "timestamp": "2026-09-15T22:29:21.613491+00:00"}
{"asctime": "2026-09-16 00:29:21,623", "name": "backend.db.session", "levelname": "INFO", "correlation_id": "n/a", "message": "db_pool_configured role=api size=5 overflow=10 timeout=30.0 recycle=1800 max_per_process=15", "timestamp": "2026-09-15T22:29:21.623523+00:00"}
{"asctime": "2026-09-16 00:29:24,934", "name": "backend.core.cache", "levelname": "INFO", "correlation_id": "n/a", "message": "Redis connection closed", "timestamp": "2026-09-15T22:29:24.934766+00:00"}
{"asctime": "2026-09-16 00:29:26,640", "name": "backend.core.cache", "levelname": "INFO", "correlation_id": "n/a", "message": "Redis connection established successfully", "timestamp": "2026-09-15T22:29:26.640315+00:00"}
{"asctime": "2026-09-16 00:29:26,650", "name": "backend.db.session", "levelname": "INFO", "correlation_id": "n/a", "message": "db_pool_configured role=api size=5 overflow=10 timeout=30.0 recycle=1800 max_per_process=15", "timestamp": "2026-09-15T22:29:26.650640+00:00"}
{"asctime": "2026-09-16 00:29:32,272", "name": "backend.core.cache", "levelname": "INFO", "correlation_id": "n/a", "message": "Redis connection closed", "timestamp": "2026-09-15T22:29:32.272289+00:00"}
{"asctime": "2026-09-16 00:29:33,995", "name": "backend.core.cache", "levelname": "INFO", "correlation_id": "n/a", "message": "Redis connection established successfully", "timestamp": "2026-09-15T22:29:33.995701+00:00"}
{"asctime": "2026-09-16 00:29:34,005", "name": "backend.db.session", "levelname": "INFO", "correlation_id": "n/a", "message": "db_pool_configured role=api size=5 overflow=10 timeout=30.0 recycle=1800 max_per_process=15", "timestamp": "2026-09-15T22:29:34.005870+00:00"}
{"asctime": "2026-09-16 00:31:51,635", "name": "backend.core.cache", "levelname": "INFO", "correlation_id": "n/a", "message": "Redis connection closed", "timestamp": "2026-09-15T22:31:51.635601+00:00"}
{"asctime": "2026-09-16 00:31:53,355", "name": "backend.core.cache", "levelname": "INFO", "correlation_id": "n/a", "message": "Redis connection established successfully", "timestamp": "2026-09-15T22:31:53.355624+00:00"}
{"asctime": "2026-09-16 00:31:53,365", "name": "backend.db.session", "levelname": "INFO", "correlation_id": "n/a", "message": "db_pool_configured role=api size=5 overflow=10 timeout=30.0 recycle=1800 max_per_process=15", "timestamp": "2026-09-15T22:31:53.365937+00:00"}
{"asctime": "2026-09-16 00:31:58,080", "name": "backend.core.cache", "levelname": "INFO", "correlation_id": "n/a", "message": "Redis connection closed", "timestamp": "2026-09-15T22:31:58.080394+00:00"}
{"asctime": "2026-09-16 00:31:59,758", "name": "backend.core.cache", "levelname": "INFO", "correlation_id": "n/a", "message": "Redis connection established successfully", "timestamp": "2026-09-15T22:31:59.758816+00:00"}
{"asctime": "2026-09-16 00:31:59,769", "name": "backend.db.session", "levelname": "INFO", "correlation_id": "n/a", "message": "db_pool_configured role=api size=5 overflow=10 timeout=30.0 recycle=1800 max_per_process=15", "timestamp": "2026-09-15T22:31:59.769594+00:00"}
{"asctime": "2026-09-16 00:32:10,495", "name": "backend.core.cache", "levelname": "INFO", "correlation_id": "n/a", "message": "Redis connection closed", "timestamp": "2026-09-15T22:32:10.495001+00:00"}
{"asctime": "2026-09-16 00:32:12,272", "name": "backend.core.cache", "levelname": "INFO", "correlation_id": "n/a", "message": "Redis connection established successfully", "timestamp": "2026-09-15T22:32:12.272595+00:00"}
{"asctime": "2026-09-16 00:32:12,282", "name": "backend.db.session", "levelname": "INFO", "correlation_id": "n/a", "message": "db_pool_configured role=api size=5 overflow=10 timeout=30.0 recycle=1800 max_per_process=15", "timestamp": "2026-09-15T22:32:12.282788+00:00"}
{"asctime": "2026-09-16 00:32:12,490", "name": "backend.core.cache", "levelname": "INFO", "correlation_id": "n/a", "message": "Redis connection closed", "timestamp": "2026-09-15T22:32:12.490289+00:00"}
{"asctime": "2026-09-16 00:32:14,151", "name": "backend.core.cache", "levelname": "INFO", "correlation_id": "n/a", "message": "Redis connection established successfully", "timestamp": "2026-09-15T22:32:14.151579+00:00"}
{"asctime": "2026-09-16 00:32:14,161", "name": "backend.db.session", "levelname": "INFO", "correlation_id": "n/a", "message": "db_pool_configured role=api size=5 overflow=10 timeout=30.0 recycle=1800 max_per_process=15", "timestamp": "2026-09-15T22:32:14.161832+00:00"}
{"asctime": "2026-09-16 00:32:34,004", "name": "backend.core.cache", "levelname": "INFO", "correlation_id": "n/a", "message": "Redis connection closed", "timestamp": "2026-09-15T22:32:34.004622+00:00"}
{"asctime": "2026-09-16 00:32:35,683", "name": "backend.core.cache", "levelname": "INFO", "correlation_id": "n/a", "message": "Redis connection established successfully", "timestamp": "2026-09-15T22:32:35.683825+00:00"}
{"asctime": "2026-09-16 00:32:35,693", "name": "backend.db.session", "levelname": "INFO", "correlation_id": "n/a", "message": "db_pool_configured role=api size=5 overflow=10 timeout=30.0 recycle=1800 max_per_process=15", "timestamp": "2026-09-15T22:32:35.693837+00:00"}
{"asctime": "2026-09-16 00:32:39,106", "name": "backend.core.cache", "levelname": "INFO", "correlation_id": "n/a", "message": "Redis connection closed", "timestamp": "2026-09-15T22:32:39.106305+00:00"}
{"asctime": "2026-09-16 00:32:40,822", "name": "backend.core.cache", "levelname": "INFO", "correlation_id": "n/a", "message": "Redis connection established successfully", "timestamp": "2026-09-15T22:32:40.822370+00:00"}
{"asctime": "2026-09-16 00:32:40,832", "name": "backend.db.session", "levelname": "INFO", "correlation_id": "n/a", "message": "db_pool_configured role=api size=5 overflow=10 timeout=30.0 recycle=1800 max_per_process=15", "timestamp": "2026-09-15T22:32:40.832546+00:00"}
{"asctime": "2026-09-16 00:32:41,740", "name": "backend.core.cache", "levelname": "INFO", "correlation_id": "n/a", "message": "Redis connection closed", "timestamp": "2026-09-15T22:32:41.740625+00:00"}
{"asctime": "2026-09-16 00:32:43,438", "name": "backend.core.cache", "levelname": "INFO", "correlation_id": "n/a", "message": "Redis connection established successfully", "timestamp": "2026-09-15T22:32:43.438802+00:00"}
{"asctime": "2026-09-16 00:32:43,449", "name": "backend.db.session", "levelname": "INFO", "correlation_id": "n/a", "message": "db_pool_configured role=api size=5 overflow=10 timeout=30.0 recycle=1800 max_per_process=15", "timestamp": "2026-09-15T22:32:43.449452+00:00"}
{"asctime": "2026-09-16 00:32:46,163", "name": "backend.core.cache", "levelname": "INFO", "correlation_id": "n/a", "message": "Redis connection closed", "timestamp": "2026-09-15T22:32:46.163026+00:00"}
{"asctime": "2026-09-16 00:32:47,873", "name": "backend.core.cache", "levelname": "INFO", "correlation_id": "n/a", "message": "Redis connection established successfully", "timestamp": "2026-09-15T22:32:47.873770+00:00"}
{"asctime": "2026-09-16 00:32:47,884", "name": "backend.db.session", "levelname": "INFO", "correlation_id": "n/a", "message": "db_pool_configured role=api size=5 overflow=10 timeout=30.0 recycle=1800 max_per_process=15", "timestamp": "2026-09-15T22:32:47.884084+00:00"}
{"asctime": "2026-09-16 00:32:48,091", "name": "backend.core.cache", "levelname": "INFO", "correlation_id": "n/a", "message": "Redis connection closed", "timestamp": "2026-09-15T22:32:48.091854+00:00"}
{"asctime": "2026-09-16 00:32:49,758", "name": "backend.core.cache", "levelname": "INFO", "correlation_id": "n/a", "message": "Redis connection established successfully", "timestamp": "2026-09-15T22:32:49.758553+00:00"}
{"asctime": "2026-09-16 00:32:49,768", "name": "backend.db.session", "levelname": "INFO", "correlation_id": "n/a", "message": "db_pool_configured role=api size=5 overflow=10 timeout=30.0 recycle=1800 max_per_process=15", "timestamp": "2026-09-15T22:32:49.768922+00:00"}
{"asctime": "2026-09-16 00:33:16,518", "name": "backend.core.cache", "levelname": "INFO", "correlation_id": "n/a", "message": "Redis connection closed", "timestamp": "2026-09-15T22:33:16.518135+00:00"}
{"asctime": "2026-09-16 00:33:18,206", "name": "backend.core.cache", "levelname": "INFO", "correlation_id": "n/a", "message": "Redis connection established successfully", "timestamp": "2026-09-15T22:33:18.206029+00:00"}
{"asctime": "2026-09-16 00:33:18,216", "name": "backend.db.session", "levelname": "INFO", "correlation_id": "n/a", "message": "db_pool_configured role=api size=5 overflow=10 timeout=30.0 recycle=1800 max_per_process=15", "timestamp": "2026-09-15T22:33:18.216393+00:00"}
{"asctime": "2026-09-16 00:33:20,927", "name": "backend.core.cache", "levelname": "INFO", "correlation_id": "n/a", "message": "Redis connection closed", "timestamp": "2026-09-15T22:33:20.927580+00:00"}
{"asctime": "2026-09-16 00:33:22,615", "name": "backend.core.cache", "levelname": "INFO", "correlation_id": "n/a", "message": "Redis connection established successfully", "timestamp": "2026-09-15T22:33:22.615850+00:00"}
{"asctime": "2026-09-16 00:33:22,625", "name": "backend.db.session", "levelname": "INFO", "correlation_id": "n/a", "message": "db_pool_configured role=api size=5 overflow=10 timeout=30.0 recycle=1800 max_per_process=15", "timestamp": "2026-09-15T22:33:22.625414+00:00"}
{"asctime": "2026-09-16 00:33:24,237", "name": "backend.core.cache", "levelname": "INFO", "correlation_id": "n/a", "message": "Redis connection closed", "timestamp": "2026-09-15T22:33:24.237460+00:00"}
{"asctime": "2026-09-16 00:33:25,910", "name": "backend.core.cache", "levelname": "INFO", "correlation_id": "n/a", "message": "Redis connection established successfully", "timestamp": "2026-09-15T22:33:25.910482+00:00"}
{"asctime": "2026-09-16 00:33:25,920", "name": "backend.db.session", "levelname": "INFO", "correlation_id": "n/a", "message": "db_pool_configured role=api size=5 overflow=10 timeout=30.0 recycle=1800 max_per_process=15", "timestamp": "2026-09-15T22:33:25.920815+00:00"}
{"asctime": "2026-09-16 00:33:26,832", "name": "backend.core.cache", "levelname": "INFO", "correlation_id": "n/a", "message": "Redis connection closed", "timestamp": "2026-09-15T22:33:26.832395+00:00"}
{"asctime": "2026-09-16 00:33:28,547", "name": "backend.core.cache", "levelname": "INFO", "correlation_id": "n/a", "message": "Redis connection established successfully", "timestamp": "2026-09-15T22:33:28.547457+00:00"}
{"asctime": "2026-09-16 00:33:28,557", "name": "backend.db.session", "levelname": "INFO", "correlation_id": "n/a", "message": "db_pool_configured role=api size=5 overflow=10 timeout=30.0 recycle=1800 max_per_process=15", "timestamp": "2026-09-15T22:33:28.557722+00:00"}
{"asctime": "2026-09-16 00:33:28,771", "name": "backend.core.cache", "levelname": "INFO", "correlation_id": "n/a", "message": "Redis connection closed", "timestamp": "2026-09-15T22:33:28.771754+00:00"}
{"asctime": "2026-09-16 00:33:30,467", "name": "backend.core.cache", "levelname": "INFO", "correlation_id": "n/a", "message": "Redis connection established successfully", "timestamp": "2026-09-15T22:33:30.467962+00:00"}
{"asctime": "2026-09-16 00:33:30,477", "name": "backend.db.session", "levelname": "INFO", "correlation_id": "n/a", "message": "db_pool_configured role=api size=5 overflow=10 timeout=30.0 recycle=1800 max_per_process=15", "timestamp": "2026-09-15T22:33:30.477834+00:00"}
{"asctime": "2026-09-16 00:33:34,089", "name": "backend.core.cache", "levelname": "INFO", "correlation_id": "n/a", "message": "Redis connection closed", "timestamp": "2026-09-15T22:33:34.089446+00:00"}
{"asctime": "2026-09-16 00:33:35,776", "name": "backend.core.cache", "levelname": "INFO", "correlation_id": "n/a", "message": "Redis connection established successfully", "timestamp": "2026-09-15T22:33:35.776014+00:00"}
{"asctime": "2026-09-16 00:33:35,786", "name": "backend.db.session", "levelname": "INFO", "correlation_id": "n/a", "message": "db_pool_configured role=api size=5 overflow=10 timeout=30.0 recycle=1800 max_per_process=15", "timestamp": "2026-09-15T22:33:35.786607+00:00"}
{"asctime": "2026-09-16 00:33:36,595", "name": "backend.core.cache", "levelname": "INFO", "correlation_id": "n/a", "message": "Redis connection closed", "timestamp": "2026-09-15T22:33:36.595783+00:00"}
{"asctime": "2026-09-16 00:33:38,285", "name": "backend.core.cache", "levelname": "INFO", "correlation_id": "n/a", "message": "Redis connection established successfully", "timestamp": "2026-09-15T22:33:38.285098+00:00"}
{"asctime": "2026-09-16 00:33:38,295", "name": "backend.db.session", "levelname": "INFO", "correlation_id": "n/a", "message": "db_pool_configured role=api size=5 overflow=10 timeout=30.0 recycle=1800 max_per_process=15", "timestamp": "2026-09-15T22:33:38.295273+00:00"}
{"asctime": "2026-09-16 00:34:11,660", "name": "backend.core.cache", "levelname": "INFO", "correlation_id": "n/a", "message": "Redis connection closed", "timestamp": "2026-09-15T22:34:11.660942+00:00"}
{"asctime": "2026-09-16 00:34:13,362", "name": "backend.core.cache", "levelname": "INFO", "correlation_id": "n/a", "message": "Redis connection established successfully", "timestamp": "2026-09-15T22:34:13.362634+00:00"}
{"asctime": "2026-09-16 00:34:13,372", "name": "backend.db.session", "levelname": "INFO", "correlation_id": "n/a", "message": "db_pool_configured role=api size=5 overflow=10 timeout=30.0 recycle=1800 max_per_process=15", "timestamp": "2026-09-15T22:34:13.372400+00:00"}
{"asctime": "2026-09-16 00:34:15,583", "name": "backend.core.cache", "levelname": "INFO", "correlation_id": "n/a", "message": "Redis connection closed", "timestamp": "2026-09-15T22:34:15.583407+00:00"}
{"asctime": "2026-09-16 00:34:17,263", "name": "backend.core.cache", "levelname": "INFO", "correlation_id": "n/a", "message": "Redis connection established successfully", "timestamp": "2026-09-15T22:34:17.263196+00:00"}
{"asctime": "2026-09-16 00:34:17,272", "name": "backend.db.session", "levelname": "INFO", "correlation_id": "n/a", "message": "db_pool_configured role=api size=5 overflow=10 timeout=30.0 recycle=1800 max_per_process=15", "timestamp": "2026-09-15T22:34:17.272913+00:00"}
{"asctime": "2026-09-16 00:34:19,984", "name": "backend.core.cache", "levelname": "INFO", "correlation_id": "n/a", "message": "Redis connection closed", "timestamp": "2026-09-15T22:34:19.984197+00:00"}
{"asctime": "2026-09-16 00:34:21,741", "name": "backend.core.cache", "levelname": "INFO", "correlation_id": "n/a", "message": "Redis connection established successfully", "timestamp": "2026-09-15T22:34:21.741354+00:00"}
{"asctime": "2026-09-16 00:34:21,752", "name": "backend.db.session", "levelname": "INFO", "correlation_id": "n/a", "message": "db_pool_configured role=api size=5 overflow=10 timeout=30.0 recycle=1800 max_per_process=15", "timestamp": "2026-09-15T22:34:21.752394+00:00"}
{"asctime": "2026-09-16 00:34:29,477", "name": "backend.core.cache", "levelname": "INFO", "correlation_id": "n/a", "message": "Redis connection closed", "timestamp": "2026-09-15T22:34:29.477494+00:00"}
{"asctime": "2026-09-16 00:34:31,260", "name": "backend.core.cache", "levelname": "INFO", "correlation_id": "n/a", "message": "Redis connection established successfully", "timestamp": "2026-09-15T22:34:31.260766+00:00"}
{"asctime": "2026-09-16 00:34:31,272", "name": "backend.db.session", "levelname": "INFO", "correlation_id": "n/a", "message": "db_pool_configured role=api size=5 overflow=10 timeout=30.0 recycle=1800 max_per_process=15", "timestamp": "2026-09-15T22:34:31.272200+00:00"}
{"asctime": "2026-09-16 00:36:32,989", "name": "backend.core.cache", "levelname": "INFO", "correlation_id": "n/a", "message": "Redis connection closed", "timestamp": "2026-09-15T22:36:32.989170+00:00"}
{"asctime": "2026-09-16 00:36:34,701", "name": "backend.core.cache", "levelname": "INFO", "correlation_id": "n/a", "message": "Redis connection established successfully", "timestamp": "2026-09-15T22:36:34.701863+00:00"}
{"asctime": "2026-09-16 00:36:34,712", "name": "backend.db.session", "levelname": "INFO", "correlation_id": "n/a", "message": "db_pool_configured role=api size=5 overflow=10 timeout=30.0 recycle=1800 max_per_process=15", "timestamp": "2026-09-15T22:36:34.712147+00:00"}
{"asctime": "2026-09-16 00:37:18,688", "name": "backend.core.cache", "levelname": "INFO", "correlation_id": "n/a", "message": "Redis connection closed", "timestamp": "2026-09-15T22:37:18.688174+00:00"}
{"asctime": "2026-09-16 00:37:20,381", "name": "backend.core.cache", "levelname": "INFO", "correlation_id": "n/a", "message": "Redis connection established successfully", "timestamp": "2026-09-15T22:37:20.381195+00:00"}
{"asctime": "2026-09-16 00:37:20,390", "name": "backend.db.session", "levelname": "INFO", "correlation_id": "n/a", "message": "db_pool_configured role=api size=5 overflow=10 timeout=30.0 recycle=1800 max_per_process=15", "timestamp": "2026-09-15T22:37:20.390867+00:00"}
{"asctime": "2026-09-16 00:37:26,308", "name": "backend.core.cache", "levelname": "INFO", "correlation_id": "n/a", "message": "Redis connection closed", "timestamp": "2026-09-15T22:37:26.308541+00:00"}
{"asctime": "2026-09-16 00:37:28,065", "name": "backend.core.cache", "levelname": "INFO", "correlation_id": "n/a", "message": "Redis connection established successfully", "timestamp": "2026-09-15T22:37:28.065821+00:00"}
{"asctime": "2026-09-16 00:37:28,076", "name": "backend.db.session", "levelname": "INFO", "correlation_id": "n/a", "message": "db_pool_configured role=api size=5 overflow=10 timeout=30.0 recycle=1800 max_per_process=15", "timestamp": "2026-09-15T22:37:28.076038+00:00"}
{"asctime": "2026-09-16 00:37:46,915", "name": "backend.core.cache", "levelname": "INFO", "correlation_id": "n/a", "message": "Redis connection closed", "timestamp": "2026-09-15T22:37:46.915517+00:00"}
{"asctime": "2026-09-16 00:37:48,646", "name": "backend.core.cache", "levelname": "INFO", "correlation_id": "n/a", "message": "Redis connection established successfully", "timestamp": "2026-09-15T22:37:48.646622+00:00"}
{"asctime": "2026-09-16 00:37:48,656", "name": "backend.db.session", "levelname": "INFO", "correlation_id": "n/a", "message": "db_pool_configured role=api size=5 overflow=10 timeout=30.0 recycle=1800 max_per_process=15", "timestamp": "2026-09-15T22:37:48.656350+00:00"}
{"asctime": "2026-09-16 00:37:48,864", "name": "backend.core.cache", "levelname": "INFO", "correlation_id": "n/a", "message": "Redis connection closed", "timestamp": "2026-09-15T22:37:48.864314+00:00"}
{"asctime": "2026-09-16 00:37:50,537", "name": "backend.core.cache", "levelname": "INFO", "correlation_id": "n/a", "message": "Redis connection established successfully", "timestamp": "2026-09-15T22:37:50.537854+00:00"}
{"asctime": "2026-09-16 00:37:50,548", "name": "backend.db.session", "levelname": "INFO", "correlation_id": "n/a", "message": "db_pool_configured role=api size=5 overflow=10 timeout=30.0 recycle=1800 max_per_process=15", "timestamp": "2026-09-15T22:37:50.548094+00:00"}
{"asctime": "2026-09-16 00:38:15,392", "name": "backend.core.cache", "levelname": "INFO", "correlation_id": "n/a", "message": "Redis connection closed", "timestamp": "2026-09-15T22:38:15.392063+00:00"}
{"asctime": "2026-09-16 00:38:17,103", "name": "backend.core.cache", "levelname": "INFO", "correlation_id": "n/a", "message": "Redis connection established successfully", "timestamp": "2026-09-15T22:38:17.103759+00:00"}
{"asctime": "2026-09-16 00:38:17,114", "name": "backend.db.session", "levelname": "INFO", "correlation_id": "n/a", "message": "db_pool_configured role=api size=5 overflow=10 timeout=30.0 recycle=1800 max_per_process=15", "timestamp": "2026-09-15T22:38:17.114659+00:00"}
{"asctime": "2026-09-16 00:38:17,331", "name": "backend.core.cache", "levelname": "INFO", "correlation_id": "n/a", "message": "Redis connection closed", "timestamp": "2026-09-15T22:38:17.331917+00:00"}
{"asctime": "2026-09-16 00:38:19,068", "name": "backend.core.cache", "levelname": "INFO", "correlation_id": "n/a", "message": "Redis connection established successfully", "timestamp": "2026-09-15T22:38:19.068550+00:00"}
{"asctime": "2026-09-16 00:38:19,079", "name": "backend.db.session", "levelname": "INFO", "correlation_id": "n/a", "message": "db_pool_configured role=api size=5 overflow=10 timeout=30.0 recycle=1800 max_per_process=15", "timestamp": "2026-09-15T22:38:19.079052+00:00"}
{"asctime": "2026-09-16 00:38:19,290", "name": "backend.core.cache", "levelname": "INFO", "correlation_id": "n/a", "message": "Redis connection closed", "timestamp": "2026-09-15T22:38:19.290249+00:00"}
{"asctime": "2026-09-16 00:38:21,034", "name": "backend.core.cache", "levelname": "INFO", "correlation_id": "n/a", "message": "Redis connection established successfully", "timestamp": "2026-09-15T22:38:21.034925+00:00"}
{"asctime": "2026-09-16 00:38:21,045", "name": "backend.db.session", "levelname": "INFO", "correlation_id": "n/a", "message": "db_pool_configured role=api size=5 overflow=10 timeout=30.0 recycle=1800 max_per_process=15", "timestamp": "2026-09-15T22:38:21.045536+00:00"}
{"asctime": "2026-09-16 00:38:21,255", "name": "backend.core.cache", "levelname": "INFO", "correlation_id": "n/a", "message": "Redis connection closed", "timestamp": "2026-09-15T22:38:21.255616+00:00"}
{"asctime": "2026-09-16 00:38:22,954", "name": "backend.core.cache", "levelname": "INFO", "correlation_id": "n/a", "message": "Redis connection established successfully", "timestamp": "2026-09-15T22:38:22.954762+00:00"}
{"asctime": "2026-09-16 00:38:22,965", "name": "backend.db.session", "levelname": "INFO", "correlation_id": "n/a", "message": "db_pool_configured role=api size=5 overflow=10 timeout=30.0 recycle=1800 max_per_process=15", "timestamp": "2026-09-15T22:38:22.965176+00:00"}
{"asctime": "2026-09-16 00:38:40,702", "name": "backend.core.cache", "levelname": "INFO", "correlation_id": "n/a", "message": "Redis connection closed", "timestamp": "2026-09-15T22:38:40.702960+00:00"}
{"asctime": "2026-09-16 00:38:42,466", "name": "backend.core.cache", "levelname": "INFO", "correlation_id": "n/a", "message": "Redis connection established successfully", "timestamp": "2026-09-15T22:38:42.466255+00:00"}
{"asctime": "2026-09-16 00:38:42,476", "name": "backend.db.session", "levelname": "INFO", "correlation_id": "n/a", "message": "db_pool_configured role=api size=5 overflow=10 timeout=30.0 recycle=1800 max_per_process=15", "timestamp": "2026-09-15T22:38:42.476393+00:00"}
{"asctime": "2026-09-16 00:38:48,892", "name": "backend.core.cache", "levelname": "INFO", "correlation_id": "n/a", "message": "Redis connection closed", "timestamp": "2026-09-15T22:38:48.892898+00:00"}
{"asctime": "2026-09-16 00:38:50,611", "name": "backend.core.cache", "levelname": "INFO", "correlation_id": "n/a", "message": "Redis connection established successfully", "timestamp": "2026-09-15T22:38:50.611702+00:00"}
{"asctime": "2026-09-16 00:38:50,621", "name": "backend.db.session", "levelname": "INFO", "correlation_id": "n/a", "message": "db_pool_configured role=api size=5 overflow=10 timeout=30.0 recycle=1800 max_per_process=15", "timestamp": "2026-09-15T22:38:50.621357+00:00"}
{"asctime": "2026-09-16 00:38:51,730", "name": "backend.core.cache", "levelname": "INFO", "correlation_id": "n/a", "message": "Redis connection closed", "timestamp": "2026-09-15T22:38:51.730706+00:00"}
{"asctime": "2026-09-16 00:38:53,429", "name": "backend.core.cache", "levelname": "INFO", "correlation_id": "n/a", "message": "Redis connection established successfully", "timestamp": "2026-09-15T22:38:53.429637+00:00"}
{"asctime": "2026-09-16 00:38:53,439", "name": "backend.db.session", "levelname": "INFO", "correlation_id": "n/a", "message": "db_pool_configured role=api size=5 overflow=10 timeout=30.0 recycle=1800 max_per_process=15", "timestamp": "2026-09-15T22:38:53.439567+00:00"}
{"asctime": "2026-09-16 00:38:58,056", "name": "backend.core.cache", "levelname": "INFO", "correlation_id": "n/a", "message": "Redis connection closed", "timestamp": "2026-09-15T22:38:58.056080+00:00"}
{"asctime": "2026-09-16 00:38:59,772", "name": "backend.core.cache", "levelname": "INFO", "correlation_id": "n/a", "message": "Redis connection established successfully", "timestamp": "2026-09-15T22:38:59.772150+00:00"}
{"asctime": "2026-09-16 00:38:59,783", "name": "backend.db.session", "levelname": "INFO", "correlation_id": "n/a", "message": "db_pool_configured role=api size=5 overflow=10 timeout=30.0 recycle=1800 max_per_process=15", "timestamp": "2026-09-15T22:38:59.783596+00:00"}
{"asctime": "2026-09-16 00:39:00,004", "name": "backend.core.cache", "levelname": "INFO", "correlation_id": "n/a", "message": "Redis connection closed", "timestamp": "2026-09-15T22:39:00.004231+00:00"}
{"asctime": "2026-09-16 00:39:01,754", "name": "backend.core.cache", "levelname": "INFO", "correlation_id": "n/a", "message": "Redis connection established successfully", "timestamp": "2026-09-15T22:39:01.754318+00:00"}
{"asctime": "2026-09-16 00:39:01,765", "name": "backend.db.session", "levelname": "INFO", "correlation_id": "n/a", "message": "db_pool_configured role=api size=5 overflow=10 timeout=30.0 recycle=1800 max_per_process=15", "timestamp": "2026-09-15T22:39:01.765170+00:00"}
{"asctime": "2026-09-16 00:39:42,052", "name": "backend.core.cache", "levelname": "INFO", "correlation_id": "n/a", "message": "Redis connection closed", "timestamp": "2026-09-15T22:39:42.052434+00:00"}
{"asctime": "2026-09-16 00:39:43,785", "name": "backend.core.cache", "levelname": "INFO", "correlation_id": "n/a", "message": "Redis connection established successfully", "timestamp": "2026-09-15T22:39:43.785601+00:00"}
{"asctime": "2026-09-16 00:39:43,795", "name": "backend.db.session", "levelname": "INFO", "correlation_id": "n/a", "message": "db_pool_configured role=api size=5 overflow=10 timeout=30.0 recycle=1800 max_per_process=15", "timestamp": "2026-09-15T22:39:43.795972+00:00"}
{"asctime": "2026-09-16 00:39:47,510", "name": "backend.core.cache", "levelname": "INFO", "correlation_id": "n/a", "message": "Redis connection closed", "timestamp": "2026-09-15T22:39:47.510856+00:00"}
{"asctime": "2026-09-16 00:39:49,213", "name": "backend.core.cache", "levelname": "INFO", "correlation_id": "n/a", "message": "Redis connection established successfully", "timestamp": "2026-09-15T22:39:49.213467+00:00"}
{"asctime": "2026-09-16 00:39:49,223", "name": "backend.db.session", "levelname": "INFO", "correlation_id": "n/a", "message": "db_pool_configured role=api size=5 overflow=10 timeout=30.0 recycle=1800 max_per_process=15", "timestamp": "2026-09-15T22:39:49.223680+00:00"}
{"asctime": "2026-09-16 00:40:25,692", "name": "backend.core.cache", "levelname": "INFO", "correlation_id": "n/a", "message": "Redis connection closed", "timestamp": "2026-09-15T22:40:25.692620+00:00"}
{"asctime": "2026-09-16 00:40:27,407", "name": "backend.core.cache", "levelname": "INFO", "correlation_id": "n/a", "message": "Redis connection established successfully", "timestamp": "2026-09-15T22:40:27.407921+00:00"}
{"asctime": "2026-09-16 00:40:27,417", "name": "backend.db.session", "levelname": "INFO", "correlation_id": "n/a", "message": "db_pool_configured role=api size=5 overflow=10 timeout=30.0 recycle=1800 max_per_process=15", "timestamp": "2026-09-15T22:40:27.417534+00:00"}
{"asctime": "2026-09-16 00:40:28,028", "name": "backend.core.cache", "levelname": "INFO", "correlation_id": "n/a", "message": "Redis connection closed", "timestamp": "2026-09-15T22:40:28.028547+00:00"}
{"asctime": "2026-09-16 00:40:29,703", "name": "backend.core.cache", "levelname": "INFO", "correlation_id": "n/a", "message": "Redis connection established successfully", "timestamp": "2026-09-15T22:40:29.703401+00:00"}
{"asctime": "2026-09-16 00:40:29,713", "name": "backend.db.session", "levelname": "INFO", "correlation_id": "n/a", "message": "db_pool_configured role=api size=5 overflow=10 timeout=30.0 recycle=1800 max_per_process=15", "timestamp": "2026-09-15T22:40:29.713678+00:00"}
{"asctime": "2026-09-16 00:40:32,327", "name": "backend.core.cache", "levelname": "INFO", "correlation_id": "n/a", "message": "Redis connection closed", "timestamp": "2026-09-15T22:40:32.327033+00:00"}
{"asctime": "2026-09-16 00:40:34,068", "name": "backend.core.cache", "levelname": "INFO", "correlation_id": "n/a", "message": "Redis connection established successfully", "timestamp": "2026-09-15T22:40:34.068436+00:00"}
{"asctime": "2026-09-16 00:40:34,079", "name": "backend.db.session", "levelname": "INFO", "correlation_id": "n/a", "message": "db_pool_configured role=api size=5 overflow=10 timeout=30.0 recycle=1800 max_per_process=15", "timestamp": "2026-09-15T22:40:34.079120+00:00"}
{"asctime": "2026-09-16 00:40:43,609", "name": "backend.core.cache", "levelname": "INFO", "correlation_id": "n/a", "message": "Redis connection closed", "timestamp": "2026-09-15T22:40:43.609004+00:00"}
{"asctime": "2026-09-16 00:40:45,378", "name": "backend.core.cache", "levelname": "INFO", "correlation_id": "n/a", "message": "Redis connection established successfully", "timestamp": "2026-09-15T22:40:45.378126+00:00"}
{"asctime": "2026-09-16 00:40:45,388", "name": "backend.db.session", "levelname": "INFO", "correlation_id": "n/a", "message": "db_pool_configured role=api size=5 overflow=10 timeout=30.0 recycle=1800 max_per_process=15", "timestamp": "2026-09-15T22:40:45.388760+00:00"}
{"asctime": "2026-09-16 00:40:45,606", "name": "backend.core.cache", "levelname": "INFO", "correlation_id": "n/a", "message": "Redis connection closed", "timestamp": "2026-09-15T22:40:45.606955+00:00"}
{"asctime": "2026-09-16 00:40:47,299", "name": "backend.core.cache", "levelname": "INFO", "correlation_id": "n/a", "message": "Redis connection established successfully", "timestamp": "2026-09-15T22:40:47.299427+00:00"}
{"asctime": "2026-09-16 00:40:47,309", "name": "backend.db.session", "levelname": "INFO", "correlation_id": "n/a", "message": "db_pool_configured role=api size=5 overflow=10 timeout=30.0 recycle=1800 max_per_process=15", "timestamp": "2026-09-15T22:40:47.309510+00:00"}
{"asctime": "2026-09-16 00:41:05,445", "name": "backend.core.cache", "levelname": "INFO", "correlation_id": "n/a", "message": "Redis connection closed", "timestamp": "2026-09-15T22:41:05.445261+00:00"}
{"asctime": "2026-09-16 00:41:07,161", "name": "backend.core.cache", "levelname": "INFO", "correlation_id": "n/a", "message": "Redis connection established successfully", "timestamp": "2026-09-15T22:41:07.161651+00:00"}
{"asctime": "2026-09-16 00:41:07,171", "name": "backend.db.session", "levelname": "INFO", "correlation_id": "n/a", "message": "db_pool_configured role=api size=5 overflow=10 timeout=30.0 recycle=1800 max_per_process=15", "timestamp": "2026-09-15T22:41:07.171332+00:00"}
{"asctime": "2026-09-16 00:41:12,986", "name": "backend.core.cache", "levelname": "INFO", "correlation_id": "n/a", "message": "Redis connection closed", "timestamp": "2026-09-15T22:41:12.986555+00:00"}
{"asctime": "2026-09-16 00:41:14,716", "name": "backend.core.cache", "levelname": "INFO", "correlation_id": "n/a", "message": "Redis connection established successfully", "timestamp": "2026-09-15T22:41:14.716118+00:00"}
{"asctime": "2026-09-16 00:41:14,726", "name": "backend.db.session", "levelname": "INFO", "correlation_id": "n/a", "message": "db_pool_configured role=api size=5 overflow=10 timeout=30.0 recycle=1800 max_per_process=15", "timestamp": "2026-09-15T22:41:14.726308+00:00"}
{"asctime": "2026-09-16 00:41:14,934", "name": "backend.core.cache", "levelname": "INFO", "correlation_id": "n/a", "message": "Redis connection closed", "timestamp": "2026-09-15T22:41:14.934482+00:00"}
{"asctime": "2026-09-16 00:41:16,614", "name": "backend.core.cache", "levelname": "INFO", "correlation_id": "n/a", "message": "Redis connection established successfully", "timestamp": "2026-09-15T22:41:16.614877+00:00"}
{"asctime": "2026-09-16 00:41:16,624", "name": "backend.db.session", "levelname": "INFO", "correlation_id": "n/a", "message": "db_pool_configured role=api size=5 overflow=10 timeout=30.0 recycle=1800 max_per_process=15", "timestamp": "2026-09-15T22:41:16.624827+00:00"}
{"asctime": "2026-09-16 00:44:21,323", "name": "backend.core.cache", "levelname": "INFO", "correlation_id": "n/a", "message": "Redis connection closed", "timestamp": "2026-09-15T22:44:21.323319+00:00"}
{"asctime": "2026-09-16 00:44:23,055", "name": "backend.core.cache", "levelname": "INFO", "correlation_id": "n/a", "message": "Redis connection established successfully", "timestamp": "2026-09-15T22:44:23.055843+00:00"}
{"asctime": "2026-09-16 00:44:23,065", "name": "backend.db.session", "levelname": "INFO", "correlation_id": "n/a", "message": "db_pool_configured role=api size=5 overflow=10 timeout=30.0 recycle=1800 max_per_process=15", "timestamp": "2026-09-15T22:44:23.065475+00:00"}
{"asctime": "2026-09-16 00:44:23,279", "name": "backend.core.cache", "levelname": "INFO", "correlation_id": "n/a", "message": "Redis connection closed", "timestamp": "2026-09-15T22:44:23.279762+00:00"}
{"asctime": "2026-09-16 00:44:24,951", "name": "backend.core.cache", "levelname": "INFO", "correlation_id": "n/a", "message": "Redis connection established successfully", "timestamp": "2026-09-15T22:44:24.951532+00:00"}
{"asctime": "2026-09-16 00:44:24,961", "name": "backend.db.session", "levelname": "INFO", "correlation_id": "n/a", "message": "db_pool_configured role=api size=5 overflow=10 timeout=30.0 recycle=1800 max_per_process=15", "timestamp": "2026-09-15T22:44:24.961611+00:00"}
{"asctime": "2026-09-16 00:45:11,455", "name": "backend.core.cache", "levelname": "INFO", "correlation_id": "n/a", "message": "Redis connection closed", "timestamp": "2026-09-15T22:45:11.455670+00:00"}
{"asctime": "2026-09-16 00:45:13,218", "name": "backend.core.cache", "levelname": "INFO", "correlation_id": "n/a", "message": "Redis connection established successfully", "timestamp": "2026-09-15T22:45:13.218215+00:00"}
{"asctime": "2026-09-16 00:45:13,229", "name": "backend.db.session", "levelname": "INFO", "correlation_id": "n/a", "message": "db_pool_configured role=api size=5 overflow=10 timeout=30.0 recycle=1800 max_per_process=15", "timestamp": "2026-09-15T22:45:13.229270+00:00"}
{"asctime": "2026-09-16 00:45:13,446", "name": "backend.core.cache", "levelname": "INFO", "correlation_id": "n/a", "message": "Redis connection closed", "timestamp": "2026-09-15T22:45:13.446183+00:00"}
{"asctime": "2026-09-16 00:45:15,185", "name": "backend.core.cache", "levelname": "INFO", "correlation_id": "n/a", "message": "Redis connection established successfully", "timestamp": "2026-09-15T22:45:15.185760+00:00"}
{"asctime": "2026-09-16 00:45:15,196", "name": "backend.db.session", "levelname": "INFO", "correlation_id": "n/a", "message": "db_pool_configured role=api size=5 overflow=10 timeout=30.0 recycle=1800 max_per_process=15", "timestamp": "2026-09-15T22:45:15.196795+00:00"}
{"asctime": "2026-09-16 00:45:37,839", "name": "backend.core.cache", "levelname": "INFO", "correlation_id": "n/a", "message": "Redis connection closed", "timestamp": "2026-09-15T22:45:37.839954+00:00"}
{"asctime": "2026-09-16 00:45:39,552", "name": "backend.core.cache", "levelname": "INFO", "correlation_id": "n/a", "message": "Redis connection established successfully", "timestamp": "2026-09-15T22:45:39.552542+00:00"}
{"asctime": "2026-09-16 00:45:39,563", "name": "backend.db.session", "levelname": "INFO", "correlation_id": "n/a", "message": "db_pool_configured role=api size=5 overflow=10 timeout=30.0 recycle=1800 max_per_process=15", "timestamp": "2026-09-15T22:45:39.563358+00:00"}
{"asctime": "2026-09-16 00:45:39,775", "name": "backend.core.cache", "levelname": "INFO", "correlation_id": "n/a", "message": "Redis connection closed", "timestamp": "2026-09-15T22:45:39.775501+00:00"}
{"asctime": "2026-09-16 00:45:41,537", "name": "backend.core.cache", "levelname": "INFO", "correlation_id": "n/a", "message": "Redis connection established successfully", "timestamp": "2026-09-15T22:45:41.537146+00:00"}
{"asctime": "2026-09-16 00:45:41,546", "name": "backend.db.session", "levelname": "INFO", "correlation_id": "n/a", "message": "db_pool_configured role=api size=5 overflow=10 timeout=30.0 recycle=1800 max_per_process=15", "timestamp": "2026-09-15T22:45:41.546868+00:00"}
{"asctime": "2026-09-16 00:45:41,756", "name": "backend.core.cache", "levelname": "INFO", "correlation_id": "n/a", "message": "Redis connection closed", "timestamp": "2026-09-15T22:45:41.756490+00:00"}
{"asctime": "2026-09-16 00:45:43,430", "name": "backend.core.cache", "levelname": "INFO", "correlation_id": "n/a", "message": "Redis connection established successfully", "timestamp": "2026-09-15T22:45:43.430284+00:00"}
{"asctime": "2026-09-16 00:45:43,440", "name": "backend.db.session", "levelname": "INFO", "correlation_id": "n/a", "message": "db_pool_configured role=api size=5 overflow=10 timeout=30.0 recycle=1800 max_per_process=15", "timestamp": "2026-09-15T22:45:43.440624+00:00"}
{"asctime": "2026-09-16 00:45:49,257", "name": "backend.core.cache", "levelname": "INFO", "correlation_id": "n/a", "message": "Redis connection closed", "timestamp": "2026-09-15T22:45:49.257337+00:00"}
{"asctime": "2026-09-16 00:45:51,012", "name": "backend.core.cache", "levelname": "INFO", "correlation_id": "n/a", "message": "Redis connection established successfully", "timestamp": "2026-09-15T22:45:51.012841+00:00"}
{"asctime": "2026-09-16 00:45:51,023", "name": "backend.db.session", "levelname": "INFO", "correlation_id": "n/a", "message": "db_pool_configured role=api size=5 overflow=10 timeout=30.0 recycle=1800 max_per_process=15", "timestamp": "2026-09-15T22:45:51.023123+00:00"}
{"asctime": "2026-09-16 00:45:51,232", "name": "backend.core.cache", "levelname": "INFO", "correlation_id": "n/a", "message": "Redis connection closed", "timestamp": "2026-09-15T22:45:51.232084+00:00"}
{"asctime": "2026-09-16 00:45:52,919", "name": "backend.core.cache", "levelname": "INFO", "correlation_id": "n/a", "message": "Redis connection established successfully", "timestamp": "2026-09-15T22:45:52.919363+00:00"}
{"asctime": "2026-09-16 00:45:52,929", "name": "backend.db.session", "levelname": "INFO", "correlation_id": "n/a", "message": "db_pool_configured role=api size=5 overflow=10 timeout=30.0 recycle=1800 max_per_process=15", "timestamp": "2026-09-15T22:45:52.929443+00:00"}
{"asctime": "2026-09-16 00:46:01,860", "name": "backend.core.cache", "levelname": "INFO", "correlation_id": "n/a", "message": "Redis connection closed", "timestamp": "2026-09-15T22:46:01.860187+00:00"}
{"asctime": "2026-09-16 00:46:03,582", "name": "backend.core.cache", "levelname": "INFO", "correlation_id": "n/a", "message": "Redis connection established successfully", "timestamp": "2026-09-15T22:46:03.582137+00:00"}
{"asctime": "2026-09-16 00:46:03,592", "name": "backend.db.session", "levelname": "INFO", "correlation_id": "n/a", "message": "db_pool_configured role=api size=5 overflow=10 timeout=30.0 recycle=1800 max_per_process=15", "timestamp": "2026-09-15T22:46:03.592570+00:00"}
{"asctime": "2026-09-16 00:46:05,701", "name": "backend.core.cache", "levelname": "INFO", "correlation_id": "n/a", "message": "Redis connection closed", "timestamp": "2026-09-15T22:46:05.701927+00:00"}
{"asctime": "2026-09-16 00:46:07,437", "name": "backend.core.cache", "levelname": "INFO", "correlation_id": "n/a", "message": "Redis connection established successfully", "timestamp": "2026-09-15T22:46:07.437595+00:00"}
{"asctime": "2026-09-16 00:46:07,447", "name": "backend.db.session", "levelname": "INFO", "correlation_id": "n/a", "message": "db_pool_configured role=api size=5 overflow=10 timeout=30.0 recycle=1800 max_per_process=15", "timestamp": "2026-09-15T22:46:07.447306+00:00"}
{"asctime": "2026-09-16 00:46:07,655", "name": "backend.core.cache", "levelname": "INFO", "correlation_id": "n/a", "message": "Redis connection closed", "timestamp": "2026-09-15T22:46:07.655819+00:00"}
{"asctime": "2026-09-16 00:46:09,336", "name": "backend.core.cache", "levelname": "INFO", "correlation_id": "n/a", "message": "Redis connection established successfully", "timestamp": "2026-09-15T22:46:09.336143+00:00"}
{"asctime": "2026-09-16 00:46:09,346", "name": "backend.db.session", "levelname": "INFO", "correlation_id": "n/a", "message": "db_pool_configured role=api size=5 overflow=10 timeout=30.0 recycle=1800 max_per_process=15", "timestamp": "2026-09-15T22:46:09.346393+00:00"}
{"asctime": "2026-09-16 00:46:10,456", "name": "backend.core.cache", "levelname": "INFO", "correlation_id": "n/a", "message": "Redis connection closed", "timestamp": "2026-09-15T22:46:10.456836+00:00"}
{"asctime": "2026-09-16 00:46:12,204", "name": "backend.core.cache", "levelname": "INFO", "correlation_id": "n/a", "message": "Redis connection established successfully", "timestamp": "2026-09-15T22:46:12.204816+00:00"}
{"asctime": "2026-09-16 00:46:12,214", "name": "backend.db.session", "levelname": "INFO", "correlation_id": "n/a", "message": "db_pool_configured role=api size=5 overflow=10 timeout=30.0 recycle=1800 max_per_process=15", "timestamp": "2026-09-15T22:46:12.214245+00:00"}
{"asctime": "2026-09-16 00:46:12,424", "name": "backend.core.cache", "levelname": "INFO", "correlation_id": "n/a", "message": "Redis connection closed", "timestamp": "2026-09-15T22:46:12.424334+00:00"}
{"asctime": "2026-09-16 00:46:14,131", "name": "backend.core.cache", "levelname": "INFO", "correlation_id": "n/a", "message": "Redis connection established successfully", "timestamp": "2026-09-15T22:46:14.131497+00:00"}
{"asctime": "2026-09-16 00:46:14,141", "name": "backend.db.session", "levelname": "INFO", "correlation_id": "n/a", "message": "db_pool_configured role=api size=5 overflow=10 timeout=30.0 recycle=1800 max_per_process=15", "timestamp": "2026-09-15T22:46:14.141800+00:00"}
{"asctime": "2026-09-16 00:46:14,349", "name": "backend.core.cache", "levelname": "INFO", "correlation_id": "n/a", "message": "Redis connection closed", "timestamp": "2026-09-15T22:46:14.349551+00:00"}
{"asctime": "2026-09-16 00:46:16,013", "name": "backend.core.cache", "levelname": "INFO", "correlation_id": "n/a", "message": "Redis connection established successfully", "timestamp": "2026-09-15T22:46:16.013819+00:00"}
{"asctime": "2026-09-16 00:46:16,023", "name": "backend.db.session", "levelname": "INFO", "correlation_id": "n/a", "message": "db_pool_configured role=api size=5 overflow=10 timeout=30.0 recycle=1800 max_per_process=15", "timestamp": "2026-09-15T22:46:16.023977+00:00"}
{"asctime": "2026-09-16 00:46:33,555", "name": "backend.core.cache", "levelname": "INFO", "correlation_id": "n/a", "message": "Redis connection closed", "timestamp": "2026-09-15T22:46:33.555765+00:00"}
{"asctime": "2026-09-16 00:46:35,246", "name": "backend.core.cache", "levelname": "INFO", "correlation_id": "n/a", "message": "Redis connection established successfully", "timestamp": "2026-09-15T22:46:35.246257+00:00"}
{"asctime": "2026-09-16 00:46:35,256", "name": "backend.db.session", "levelname": "INFO", "correlation_id": "n/a", "message": "db_pool_configured role=api size=5 overflow=10 timeout=30.0 recycle=1800 max_per_process=15", "timestamp": "2026-09-15T22:46:35.256573+00:00"}
{"asctime": "2026-09-16 00:46:38,068", "name": "backend.core.cache", "levelname": "INFO", "correlation_id": "n/a", "message": "Redis connection closed", "timestamp": "2026-09-15T22:46:38.068410+00:00"}
{"asctime": "2026-09-16 00:46:39,796", "name": "backend.core.cache", "levelname": "INFO", "correlation_id": "n/a", "message": "Redis connection established successfully", "timestamp": "2026-09-15T22:46:39.796973+00:00"}
{"asctime": "2026-09-16 00:46:39,807", "name": "backend.db.session", "levelname": "INFO", "correlation_id": "n/a", "message": "db_pool_configured role=api size=5 overflow=10 timeout=30.0 recycle=1800 max_per_process=15", "timestamp": "2026-09-15T22:46:39.807444+00:00"}
{"asctime": "2026-09-16 00:47:07,361", "name": "backend.core.cache", "levelname": "INFO", "correlation_id": "n/a", "message": "Redis connection closed", "timestamp": "2026-09-15T22:47:07.361082+00:00"}
{"asctime": "2026-09-16 00:47:09,103", "name": "backend.core.cache", "levelname": "INFO", "correlation_id": "n/a", "message": "Redis connection established successfully", "timestamp": "2026-09-15T22:47:09.103145+00:00"}
{"asctime": "2026-09-16 00:47:09,113", "name": "backend.db.session", "levelname": "INFO", "correlation_id": "n/a", "message": "db_pool_configured role=api size=5 overflow=10 timeout=30.0 recycle=1800 max_per_process=15", "timestamp": "2026-09-15T22:47:09.113059+00:00"}
{"asctime": "2026-09-16 00:47:09,324", "name": "backend.core.cache", "levelname": "INFO", "correlation_id": "n/a", "message": "Redis connection closed", "timestamp": "2026-09-15T22:47:09.324277+00:00"}
{"asctime": "2026-09-16 00:47:11,012", "name": "backend.core.cache", "levelname": "INFO", "correlation_id": "n/a", "message": "Redis connection established successfully", "timestamp": "2026-09-15T22:47:11.012900+00:00"}
{"asctime": "2026-09-16 00:47:11,023", "name": "backend.db.session", "levelname": "INFO", "correlation_id": "n/a", "message": "db_pool_configured role=api size=5 overflow=10 timeout=30.0 recycle=1800 max_per_process=15", "timestamp": "2026-09-15T22:47:11.023174+00:00"}
{"asctime": "2026-09-16 00:47:16,440", "name": "backend.core.cache", "levelname": "INFO", "correlation_id": "n/a", "message": "Redis connection closed", "timestamp": "2026-09-15T22:47:16.440456+00:00"}
{"asctime": "2026-09-16 00:47:18,191", "name": "backend.core.cache", "levelname": "INFO", "correlation_id": "n/a", "message": "Redis connection established successfully", "timestamp": "2026-09-15T22:47:18.191911+00:00"}
{"asctime": "2026-09-16 00:47:18,202", "name": "backend.db.session", "levelname": "INFO", "correlation_id": "n/a", "message": "db_pool_configured role=api size=5 overflow=10 timeout=30.0 recycle=1800 max_per_process=15", "timestamp": "2026-09-15T22:47:18.202101+00:00"}
{"asctime": "2026-09-16 00:47:18,410", "name": "backend.core.cache", "levelname": "INFO", "correlation_id": "n/a", "message": "Redis connection closed", "timestamp": "2026-09-15T22:47:18.410278+00:00"}
{"asctime": "2026-09-16 00:47:20,135", "name": "backend.core.cache", "levelname": "INFO", "correlation_id": "n/a", "message": "Redis connection established successfully", "timestamp": "2026-09-15T22:47:20.135402+00:00"}
{"asctime": "2026-09-16 00:47:20,145", "name": "backend.db.session", "levelname": "INFO", "correlation_id": "n/a", "message": "db_pool_configured role=api size=5 overflow=10 timeout=30.0 recycle=1800 max_per_process=15", "timestamp": "2026-09-15T22:47:20.145854+00:00"}
{"asctime": "2026-09-16 00:47:20,359", "name": "backend.core.cache", "levelname": "INFO", "correlation_id": "n/a", "message": "Redis connection closed", "timestamp": "2026-09-15T22:47:20.359889+00:00"}
{"asctime": "2026-09-16 00:47:22,038", "name": "backend.core.cache", "levelname": "INFO", "correlation_id": "n/a", "message": "Redis connection established successfully", "timestamp": "2026-09-15T22:47:22.038955+00:00"}
{"asctime": "2026-09-16 00:47:22,048", "name": "backend.db.session", "levelname": "INFO", "correlation_id": "n/a", "message": "db_pool_configured role=api size=5 overflow=10 timeout=30.0 recycle=1800 max_per_process=15", "timestamp": "2026-09-15T22:47:22.048724+00:00"}
{"asctime": "2026-09-16 00:47:22,258", "name": "backend.core.cache", "levelname": "INFO", "correlation_id": "n/a", "message": "Redis connection closed", "timestamp": "2026-09-15T22:47:22.258195+00:00"}
{"asctime": "2026-09-16 00:47:23,974", "name": "backend.core.cache", "levelname": "INFO", "correlation_id": "n/a", "message": "Redis connection established successfully", "timestamp": "2026-09-15T22:47:23.974200+00:00"}
{"asctime": "2026-09-16 00:47:23,984", "name": "backend.db.session", "levelname": "INFO", "correlation_id": "n/a", "message": "db_pool_configured role=api size=5 overflow=10 timeout=30.0 recycle=1800 max_per_process=15", "timestamp": "2026-09-15T22:47:23.984313+00:00"}
{"asctime": "2026-09-16 00:47:39,117", "name": "backend.core.cache", "levelname": "INFO", "correlation_id": "n/a", "message": "Redis connection closed", "timestamp": "2026-09-15T22:47:39.117160+00:00"}
{"asctime": "2026-09-16 00:47:40,807", "name": "backend.core.cache", "levelname": "INFO", "correlation_id": "n/a", "message": "Redis connection established successfully", "timestamp": "2026-09-15T22:47:40.807971+00:00"}
{"asctime": "2026-09-16 00:47:40,817", "name": "backend.db.session", "levelname": "INFO", "correlation_id": "n/a", "message": "db_pool_configured role=api size=5 overflow=10 timeout=30.0 recycle=1800 max_per_process=15", "timestamp": "2026-09-15T22:47:40.817766+00:00"}
{"asctime": "2026-09-16 00:47:42,027", "name": "backend.core.cache", "levelname": "INFO", "correlation_id": "n/a", "message": "Redis connection closed", "timestamp": "2026-09-15T22:47:42.027632+00:00"}
{"asctime": "2026-09-16 00:47:43,722", "name": "backend.core.cache", "levelname": "INFO", "correlation_id": "n/a", "message": "Redis connection established successfully", "timestamp": "2026-09-15T22:47:43.722669+00:00"}
{"asctime": "2026-09-16 00:47:43,732", "name": "backend.db.session", "levelname": "INFO", "correlation_id": "n/a", "message": "db_pool_configured role=api size=5 overflow=10 timeout=30.0 recycle=1800 max_per_process=15", "timestamp": "2026-09-15T22:47:43.732456+00:00"}
{"asctime": "2026-09-16 00:47:55,359", "name": "backend.core.cache", "levelname": "INFO", "correlation_id": "n/a", "message": "Redis connection closed", "timestamp": "2026-09-15T22:47:55.359906+00:00"}
{"asctime": "2026-09-16 00:47:57,147", "name": "backend.core.cache", "levelname": "INFO", "correlation_id": "n/a", "message": "Redis connection established successfully", "timestamp": "2026-09-15T22:47:57.147513+00:00"}
{"asctime": "2026-09-16 00:47:57,157", "name": "backend.db.session", "levelname": "INFO", "correlation_id": "n/a", "message": "db_pool_configured role=api size=5 overflow=10 timeout=30.0 recycle=1800 max_per_process=15", "timestamp": "2026-09-15T22:47:57.157857+00:00"}
{"asctime": "2026-09-16 00:47:57,367", "name": "backend.core.cache", "levelname": "INFO", "correlation_id": "n/a", "message": "Redis connection closed", "timestamp": "2026-09-15T22:47:57.367764+00:00"}
{"asctime": "2026-09-16 00:47:59,036", "name": "backend.core.cache", "levelname": "INFO", "correlation_id": "n/a", "message": "Redis connection established successfully", "timestamp": "2026-09-15T22:47:59.036706+00:00"}
{"asctime": "2026-09-16 00:47:59,046", "name": "backend.db.session", "levelname": "INFO", "correlation_id": "n/a", "message": "db_pool_configured role=api size=5 overflow=10 timeout=30.0 recycle=1800 max_per_process=15", "timestamp": "2026-09-15T22:47:59.046439+00:00"}
{"asctime": "2026-09-16 00:48:13,581", "name": "backend.core.cache", "levelname": "INFO", "correlation_id": "n/a", "message": "Redis connection closed", "timestamp": "2026-09-15T22:48:13.581535+00:00"}
{"asctime": "2026-09-16 00:48:15,289", "name": "backend.core.cache", "levelname": "INFO", "correlation_id": "n/a", "message": "Redis connection established successfully", "timestamp": "2026-09-15T22:48:15.289043+00:00"}
{"asctime": "2026-09-16 00:48:15,298", "name": "backend.db.session", "levelname": "INFO", "correlation_id": "n/a", "message": "db_pool_configured role=api size=5 overflow=10 timeout=30.0 recycle=1800 max_per_process=15", "timestamp": "2026-09-15T22:48:15.298853+00:00"}
{"asctime": "2026-09-16 00:48:33,838", "name": "backend.core.cache", "levelname": "INFO", "correlation_id": "n/a", "message": "Redis connection closed", "timestamp": "2026-09-15T22:48:33.838212+00:00"}
{"asctime": "2026-09-16 00:48:35,566", "name": "backend.core.cache", "levelname": "INFO", "correlation_id": "n/a", "message": "Redis connection established successfully", "timestamp": "2026-09-15T22:48:35.566736+00:00"}
{"asctime": "2026-09-16 00:48:35,576", "name": "backend.db.session", "levelname": "INFO", "correlation_id": "n/a", "message": "db_pool_configured role=api size=5 overflow=10 timeout=30.0 recycle=1800 max_per_process=15", "timestamp": "2026-09-15T22:48:35.576899+00:00"}
{"asctime": "2026-09-16 00:48:35,785", "name": "backend.core.cache", "levelname": "INFO", "correlation_id": "n/a", "message": "Redis connection closed", "timestamp": "2026-09-15T22:48:35.785704+00:00"}
{"asctime": "2026-09-16 00:48:37,495", "name": "backend.core.cache", "levelname": "INFO", "correlation_id": "n/a", "message": "Redis connection established successfully", "timestamp": "2026-09-15T22:48:37.495672+00:00"}
{"asctime": "2026-09-16 00:48:37,505", "name": "backend.db.session", "levelname": "INFO", "correlation_id": "n/a", "message": "db_pool_configured role=api size=5 overflow=10 timeout=30.0 recycle=1800 max_per_process=15", "timestamp": "2026-09-15T22:48:37.505924+00:00"}
{"asctime": "2026-09-16 00:48:37,713", "name": "backend.core.cache", "levelname": "INFO", "correlation_id": "n/a", "message": "Redis connection closed", "timestamp": "2026-09-15T22:48:37.713209+00:00"}
{"asctime": "2026-09-16 00:48:39,510", "name": "backend.core.cache", "levelname": "INFO", "correlation_id": "n/a", "message": "Redis connection established successfully", "timestamp": "2026-09-15T22:48:39.510252+00:00"}
{"asctime": "2026-09-16 00:48:39,520", "name": "backend.db.session", "levelname": "INFO", "correlation_id": "n/a", "message": "db_pool_configured role=api size=5 overflow=10 timeout=30.0 recycle=1800 max_per_process=15", "timestamp": "2026-09-15T22:48:39.520843+00:00"}
{"asctime": "2026-09-16 00:50:16,085", "name": "backend.core.cache", "levelname": "INFO", "correlation_id": "n/a", "message": "Redis connection closed", "timestamp": "2026-09-15T22:50:16.085301+00:00"}
{"asctime": "2026-09-16 00:50:17,842", "name": "backend.core.cache", "levelname": "INFO", "correlation_id": "n/a", "message": "Redis connection established successfully", "timestamp": "2026-09-15T22:50:17.842623+00:00"}
{"asctime": "2026-09-16 00:50:17,853", "name": "backend.db.session", "levelname": "INFO", "correlation_id": "n/a", "message": "db_pool_configured role=api size=5 overflow=10 timeout=30.0 recycle=1800 max_per_process=15", "timestamp": "2026-09-15T22:50:17.853011+00:00"}
{"asctime": "2026-09-16 00:50:18,061", "name": "backend.core.cache", "levelname": "INFO", "correlation_id": "n/a", "message": "Redis connection closed", "timestamp": "2026-09-15T22:50:18.061853+00:00"}
{"asctime": "2026-09-16 00:50:19,765", "name": "backend.core.cache", "levelname": "INFO", "correlation_id": "n/a", "message": "Redis connection established successfully", "timestamp": "2026-09-15T22:50:19.765270+00:00"}
{"asctime": "2026-09-16 00:50:19,775", "name": "backend.db.session", "levelname": "INFO", "correlation_id": "n/a", "message": "db_pool_configured role=api size=5 overflow=10 timeout=30.0 recycle=1800 max_per_process=15", "timestamp": "2026-09-15T22:50:19.775695+00:00"}
{"asctime": "2026-09-16 00:50:34,808", "name": "backend.core.cache", "levelname": "INFO", "correlation_id": "n/a", "message": "Redis connection closed", "timestamp": "2026-09-15T22:50:34.808594+00:00"}
{"asctime": "2026-09-16 00:50:44,987", "name": "backend.core.cache", "levelname": "INFO", "correlation_id": "n/a", "message": "Redis connection established successfully", "timestamp": "2026-09-15T22:50:44.987436+00:00"}
{"asctime": "2026-09-16 00:50:44,997", "name": "backend.db.session", "levelname": "INFO", "correlation_id": "n/a", "message": "db_pool_configured role=api size=5 overflow=10 timeout=30.0 recycle=1800 max_per_process=15", "timestamp": "2026-09-15T22:50:44.997550+00:00"}
{"asctime": "2026-09-16 00:50:45,205", "name": "backend.core.cache", "levelname": "INFO", "correlation_id": "n/a", "message": "Redis connection closed", "timestamp": "2026-09-15T22:50:45.205925+00:00"}
{"asctime": "2026-09-16 00:50:46,916", "name": "backend.core.cache", "levelname": "INFO", "correlation_id": "n/a", "message": "Redis connection established successfully", "timestamp": "2026-09-15T22:50:46.916648+00:00"}
{"asctime": "2026-09-16 00:50:46,926", "name": "backend.db.session", "levelname": "INFO", "correlation_id": "n/a", "message": "db_pool_configured role=api size=5 overflow=10 timeout=30.0 recycle=1800 max_per_process=15", "timestamp": "2026-09-15T22:50:46.926396+00:00"}
{"asctime": "2026-09-16 00:50:48,940", "name": "backend.core.cache", "levelname": "INFO", "correlation_id": "n/a", "message": "Redis connection closed", "timestamp": "2026-09-15T22:50:48.940156+00:00"}
{"asctime": "2026-09-16 00:50:50,644", "name": "backend.core.cache", "levelname": "INFO", "correlation_id": "n/a", "message": "Redis connection established successfully", "timestamp": "2026-09-15T22:50:50.644670+00:00"}
{"asctime": "2026-09-16 00:50:50,655", "name": "backend.db.session", "levelname": "INFO", "correlation_id": "n/a", "message": "db_pool_configured role=api size=5 overflow=10 timeout=30.0 recycle=1800 max_per_process=15", "timestamp": "2026-09-15T22:50:50.655104+00:00"}
{"asctime": "2026-09-16 00:51:00,777", "name": "backend.core.cache", "levelname": "INFO", "correlation_id": "n/a", "message": "Redis connection closed", "timestamp": "2026-09-15T22:51:00.777685+00:00"}
{"asctime": "2026-09-16 00:51:02,568", "name": "backend.core.cache", "levelname": "INFO", "correlation_id": "n/a", "message": "Redis connection established successfully", "timestamp": "2026-09-15T22:51:02.568937+00:00"}
{"asctime": "2026-09-16 00:51:02,578", "name": "backend.db.session", "levelname": "INFO", "correlation_id": "n/a", "message": "db_pool_configured role=api size=5 overflow=10 timeout=30.0 recycle=1800 max_per_process=15", "timestamp": "2026-09-15T22:51:02.578681+00:00"}
{"asctime": "2026-09-16 00:51:07,194", "name": "backend.core.cache", "levelname": "INFO", "correlation_id": "n/a", "message": "Redis connection closed", "timestamp": "2026-09-15T22:51:07.194364+00:00"}
{"asctime": "2026-09-16 00:51:08,913", "name": "backend.core.cache", "levelname": "INFO", "correlation_id": "n/a", "message": "Redis connection established successfully", "timestamp": "2026-09-15T22:51:08.913253+00:00"}
{"asctime": "2026-09-16 00:51:08,923", "name": "backend.db.session", "levelname": "INFO", "correlation_id": "n/a", "message": "db_pool_configured role=api size=5 overflow=10 timeout=30.0 recycle=1800 max_per_process=15", "timestamp": "2026-09-15T22:51:08.923540+00:00"}
{"asctime": "2026-09-16 00:51:09,131", "name": "backend.core.cache", "levelname": "INFO", "correlation_id": "n/a", "message": "Redis connection closed", "timestamp": "2026-09-15T22:51:09.131141+00:00"}
{"asctime": "2026-09-16 00:51:10,818", "name": "backend.core.cache", "levelname": "INFO", "correlation_id": "n/a", "message": "Redis connection established successfully", "timestamp": "2026-09-15T22:51:10.818335+00:00"}
{"asctime": "2026-09-16 00:51:10,828", "name": "backend.db.session", "levelname": "INFO", "correlation_id": "n/a", "message": "db_pool_configured role=api size=5 overflow=10 timeout=30.0 recycle=1800 max_per_process=15", "timestamp": "2026-09-15T22:51:10.828088+00:00"}
{"asctime": "2026-09-16 00:51:12,036", "name": "backend.core.cache", "levelname": "INFO", "correlation_id": "n/a", "message": "Redis connection closed", "timestamp": "2026-09-15T22:51:12.036745+00:00"}
{"asctime": "2026-09-16 00:51:13,751", "name": "backend.core.cache", "levelname": "INFO", "correlation_id": "n/a", "message": "Redis connection established successfully", "timestamp": "2026-09-15T22:51:13.751425+00:00"}
{"asctime": "2026-09-16 00:51:13,761", "name": "backend.db.session", "levelname": "INFO", "correlation_id": "n/a", "message": "db_pool_configured role=api size=5 overflow=10 timeout=30.0 recycle=1800 max_per_process=15", "timestamp": "2026-09-15T22:51:13.761151+00:00"}
{"asctime": "2026-09-16 00:51:21,985", "name": "backend.core.cache", "levelname": "INFO", "correlation_id": "n/a", "message": "Redis connection closed", "timestamp": "2026-09-15T22:51:21.985809+00:00"}
{"asctime": "2026-09-16 00:51:23,748", "name": "backend.core.cache", "levelname": "INFO", "correlation_id": "n/a", "message": "Redis connection established successfully", "timestamp": "2026-09-15T22:51:23.748975+00:00"}
{"asctime": "2026-09-16 00:51:23,758", "name": "backend.db.session", "levelname": "INFO", "correlation_id": "n/a", "message": "db_pool_configured role=api size=5 overflow=10 timeout=30.0 recycle=1800 max_per_process=15", "timestamp": "2026-09-15T22:51:23.758947+00:00"}
{"asctime": "2026-09-16 00:52:59,226", "name": "backend.core.cache", "levelname": "INFO", "correlation_id": "n/a", "message": "Redis connection closed", "timestamp": "2026-09-15T22:52:59.226924+00:00"}
{"asctime": "2026-09-16 00:53:00,966", "name": "backend.core.cache", "levelname": "INFO", "correlation_id": "n/a", "message": "Redis connection established successfully", "timestamp": "2026-09-15T22:53:00.966522+00:00"}
{"asctime": "2026-09-16 00:53:00,976", "name": "backend.db.session", "levelname": "INFO", "correlation_id": "n/a", "message": "db_pool_configured role=api size=5 overflow=10 timeout=30.0 recycle=1800 max_per_process=15", "timestamp": "2026-09-15T22:53:00.976426+00:00"}
{"asctime": "2026-09-16 00:53:01,189", "name": "backend.core.cache", "levelname": "INFO", "correlation_id": "n/a", "message": "Redis connection closed", "timestamp": "2026-09-15T22:53:01.189288+00:00"}
{"asctime": "2026-09-16 00:53:02,963", "name": "backend.core.cache", "levelname": "INFO", "correlation_id": "n/a", "message": "Redis connection established successfully", "timestamp": "2026-09-15T22:53:02.963454+00:00"}
{"asctime": "2026-09-16 00:53:02,973", "name": "backend.db.session", "levelname": "INFO", "correlation_id": "n/a", "message": "db_pool_configured role=api size=5 overflow=10 timeout=30.0 recycle=1800 max_per_process=15", "timestamp": "2026-09-15T22:53:02.973935+00:00"}
{"asctime": "2026-09-16 00:53:42,948", "name": "backend.core.cache", "levelname": "INFO", "correlation_id": "n/a", "message": "Redis connection closed", "timestamp": "2026-09-15T22:53:42.948289+00:00"}
{"asctime": "2026-09-16 00:53:44,652", "name": "backend.core.cache", "levelname": "INFO", "correlation_id": "n/a", "message": "Redis connection established successfully", "timestamp": "2026-09-15T22:53:44.652333+00:00"}
{"asctime": "2026-09-16 00:53:44,662", "name": "backend.db.session", "levelname": "INFO", "correlation_id": "n/a", "message": "db_pool_configured role=api size=5 overflow=10 timeout=30.0 recycle=1800 max_per_process=15", "timestamp": "2026-09-15T22:53:44.662119+00:00"}
{"asctime": "2026-09-16 00:53:49,280", "name": "backend.core.cache", "levelname": "INFO", "correlation_id": "n/a", "message": "Redis connection closed", "timestamp": "2026-09-15T22:53:49.280725+00:00"}
{"asctime": "2026-09-16 00:53:51,000", "name": "backend.core.cache", "levelname": "INFO", "correlation_id": "n/a", "message": "Redis connection established successfully", "timestamp": "2026-09-15T22:53:51.000373+00:00"}
{"asctime": "2026-09-16 00:53:51,010", "name": "backend.db.session", "levelname": "INFO", "correlation_id": "n/a", "message": "db_pool_configured role=api size=5 overflow=10 timeout=30.0 recycle=1800 max_per_process=15", "timestamp": "2026-09-15T22:53:51.010290+00:00"}
{"asctime": "2026-09-16 00:53:51,218", "name": "backend.core.cache", "levelname": "INFO", "correlation_id": "n/a", "message": "Redis connection closed", "timestamp": "2026-09-15T22:53:51.218158+00:00"}
{"asctime": "2026-09-16 00:53:52,913", "name": "backend.core.cache", "levelname": "INFO", "correlation_id": "n/a", "message": "Redis connection established successfully", "timestamp": "2026-09-15T22:53:52.913320+00:00"}
{"asctime": "2026-09-16 00:53:52,923", "name": "backend.db.session", "levelname": "INFO", "correlation_id": "n/a", "message": "db_pool_configured role=api size=5 overflow=10 timeout=30.0 recycle=1800 max_per_process=15", "timestamp": "2026-09-15T22:53:52.923326+00:00"}
{"asctime": "2026-09-16 00:53:57,848", "name": "backend.core.cache", "levelname": "INFO", "correlation_id": "n/a", "message": "Redis connection closed", "timestamp": "2026-09-15T22:53:57.848517+00:00"}
{"asctime": "2026-09-16 00:53:59,612", "name": "backend.core.cache", "levelname": "INFO", "correlation_id": "n/a", "message": "Redis connection established successfully", "timestamp": "2026-09-15T22:53:59.612052+00:00"}
{"asctime": "2026-09-16 00:53:59,622", "name": "backend.db.session", "levelname": "INFO", "correlation_id": "n/a", "message": "db_pool_configured role=api size=5 overflow=10 timeout=30.0 recycle=1800 max_per_process=15", "timestamp": "2026-09-15T22:53:59.622236+00:00"}
{"asctime": "2026-09-16 00:53:59,831", "name": "backend.core.cache", "levelname": "INFO", "correlation_id": "n/a", "message": "Redis connection closed", "timestamp": "2026-09-15T22:53:59.831154+00:00"}
{"asctime": "2026-09-16 00:54:01,577", "name": "backend.core.cache", "levelname": "INFO", "correlation_id": "n/a", "message": "Redis connection established successfully", "timestamp": "2026-09-15T22:54:01.577960+00:00"}
{"asctime": "2026-09-16 00:54:01,588", "name": "backend.db.session", "levelname": "INFO", "correlation_id": "n/a", "message": "db_pool_configured role=api size=5 overflow=10 timeout=30.0 recycle=1800 max_per_process=15", "timestamp": "2026-09-15T22:54:01.588535+00:00"}
{"asctime": "2026-09-16 00:54:04,106", "name": "backend.core.cache", "levelname": "INFO", "correlation_id": "n/a", "message": "Redis connection closed", "timestamp": "2026-09-15T22:54:04.106229+00:00"}
{"asctime": "2026-09-16 00:54:05,807", "name": "backend.core.cache", "levelname": "INFO", "correlation_id": "n/a", "message": "Redis connection established successfully", "timestamp": "2026-09-15T22:54:05.807314+00:00"}
{"asctime": "2026-09-16 00:54:05,817", "name": "backend.db.session", "levelname": "INFO", "correlation_id": "n/a", "message": "db_pool_configured role=api size=5 overflow=10 timeout=30.0 recycle=1800 max_per_process=15", "timestamp": "2026-09-15T22:54:05.817714+00:00"}
{"asctime": "2026-09-16 00:54:15,440", "name": "backend.core.cache", "levelname": "INFO", "correlation_id": "n/a", "message": "Redis connection closed", "timestamp": "2026-09-15T22:54:15.440681+00:00"}
{"asctime": "2026-09-16 00:54:17,202", "name": "backend.core.cache", "levelname": "INFO", "correlation_id": "n/a", "message": "Redis connection established successfully", "timestamp": "2026-09-15T22:54:17.202339+00:00"}
{"asctime": "2026-09-16 00:54:17,212", "name": "backend.db.session", "levelname": "INFO", "correlation_id": "n/a", "message": "db_pool_configured role=api size=5 overflow=10 timeout=30.0 recycle=1800 max_per_process=15", "timestamp": "2026-09-15T22:54:17.212526+00:00"}
{"asctime": "2026-09-16 00:54:17,418", "name": "backend.core.cache", "levelname": "INFO", "correlation_id": "n/a", "message": "Redis connection closed", "timestamp": "2026-09-15T22:54:17.418945+00:00"}
{"asctime": "2026-09-16 00:54:19,160", "name": "backend.core.cache", "levelname": "INFO", "correlation_id": "n/a", "message": "Redis connection established successfully", "timestamp": "2026-09-15T22:54:19.160341+00:00"}
{"asctime": "2026-09-16 00:54:19,171", "name": "backend.db.session", "levelname": "INFO", "correlation_id": "n/a", "message": "db_pool_configured role=api size=5 overflow=10 timeout=30.0 recycle=1800 max_per_process=15", "timestamp": "2026-09-15T22:54:19.171224+00:00"}
{"asctime": "2026-09-16 00:54:19,379", "name": "backend.core.cache", "levelname": "INFO", "correlation_id": "n/a", "message": "Redis connection closed", "timestamp": "2026-09-15T22:54:19.379590+00:00"}
{"asctime": "2026-09-16 00:54:21,107", "name": "backend.core.cache", "levelname": "INFO", "correlation_id": "n/a", "message": "Redis connection established successfully", "timestamp": "2026-09-15T22:54:21.107504+00:00"}
{"asctime": "2026-09-16 00:54:21,118", "name": "backend.db.session", "levelname": "INFO", "correlation_id": "n/a", "message": "db_pool_configured role=api size=5 overflow=10 timeout=30.0 recycle=1800 max_per_process=15", "timestamp": "2026-09-15T22:54:21.118191+00:00"}
{"asctime": "2026-09-16 00:54:21,327", "name": "backend.core.cache", "levelname": "INFO", "correlation_id": "n/a", "message": "Redis connection closed", "timestamp": "2026-09-15T22:54:21.327808+00:00"}
{"asctime": "2026-09-16 00:54:23,028", "name": "backend.core.cache", "levelname": "INFO", "correlation_id": "n/a", "message": "Redis connection established successfully", "timestamp": "2026-09-15T22:54:23.028617+00:00"}
{"asctime": "2026-09-16 00:54:23,038", "name": "backend.db.session", "levelname": "INFO", "correlation_id": "n/a", "message": "db_pool_configured role=api size=5 overflow=10 timeout=30.0 recycle=1800 max_per_process=15", "timestamp": "2026-09-15T22:54:23.038926+00:00"}
{"asctime": "2026-09-16 00:54:46,483", "name": "backend.core.cache", "levelname": "INFO", "correlation_id": "n/a", "message": "Redis connection closed", "timestamp": "2026-09-15T22:54:46.483201+00:00"}
{"asctime": "2026-09-16 00:54:48,170", "name": "backend.core.cache", "levelname": "INFO", "correlation_id": "n/a", "message": "Redis connection established successfully", "timestamp": "2026-09-15T22:54:48.170919+00:00"}
{"asctime": "2026-09-16 00:54:48,181", "name": "backend.db.session", "levelname": "INFO", "correlation_id": "n/a", "message": "db_pool_configured role=api size=5 overflow=10 timeout=30.0 recycle=1800 max_per_process=15", "timestamp": "2026-09-15T22:54:48.181168+00:00"}
{"asctime": "2026-09-16 00:54:51,491", "name": "backend.core.cache", "levelname": "INFO", "correlation_id": "n/a", "message": "Redis connection closed", "timestamp": "2026-09-15T22:54:51.491541+00:00"}
{"asctime": "2026-09-16 00:54:53,223", "name": "backend.core.cache", "levelname": "INFO", "correlation_id": "n/a", "message": "Redis connection established successfully", "timestamp": "2026-09-15T22:54:53.223353+00:00"}
{"asctime": "2026-09-16 00:54:53,233", "name": "backend.db.session", "levelname": "INFO", "correlation_id": "n/a", "message": "db_pool_configured role=api size=5 overflow=10 timeout=30.0 recycle=1800 max_per_process=15", "timestamp": "2026-09-15T22:54:53.233636+00:00"}
{"asctime": "2026-09-16 00:55:12,572", "name": "backend.core.cache", "levelname": "INFO", "correlation_id": "n/a", "message": "Redis connection closed", "timestamp": "2026-09-15T22:55:12.572178+00:00"}
{"asctime": "2026-09-16 00:55:14,367", "name": "backend.core.cache", "levelname": "INFO", "correlation_id": "n/a", "message": "Redis connection established successfully", "timestamp": "2026-09-15T22:55:14.367173+00:00"}
{"asctime": "2026-09-16 00:55:14,377", "name": "backend.db.session", "levelname": "INFO", "correlation_id": "n/a", "message": "db_pool_configured role=api size=5 overflow=10 timeout=30.0 recycle=1800 max_per_process=15", "timestamp": "2026-09-15T22:55:14.377442+00:00"}
{"asctime": "2026-09-16 00:55:32,123", "name": "backend.modules.chess_video.service", "levelname": "ERROR", "correlation_id": "n/a", "message": "chess video job 46ef49b3-f4e6-4d2d-aec9-a6849233ff87 failed", "exc_info": "Traceback (most recent call last):\n  File \"/home/polat/Desktop/Projects/content_generator/backend/modules/chess_video/service.py\", line 214, in process_job\n    await self._set_progress(job, ChessVideoJobStatus.VALIDATING, 0.10)\n  File \"/home/polat/Desktop/Projects/content_generator/backend/tests/test_chess_video_service.py\", line 150, in boom\n    raise RuntimeError(\"storage down\")\nRuntimeError: storage down", "timestamp": "2026-09-15T22:55:32.123212+00:00"}
{"asctime": "2026-09-16 00:55:33,029", "name": "backend.core.http", "levelname": "INFO", "correlation_id": "corr-test-123", "message": "http_client_started max_connections=100 keepalive=20", "timestamp": "2026-09-15T22:55:33.029463+00:00"}
{"asctime": "2026-09-16 00:55:33,030", "name": "httpx", "levelname": "INFO", "correlation_id": "corr-test-123", "message": "HTTP Request: GET https://example.test/item \"HTTP/1.1 429 Too Many Requests\"", "timestamp": "2026-09-15T22:55:33.030344+00:00"}
{"asctime": "2026-09-16 00:55:33,030", "name": "httpx", "levelname": "INFO", "correlation_id": "corr-test-123", "message": "HTTP Request: GET https://example.test/item \"HTTP/1.1 200 OK\"", "timestamp": "2026-09-15T22:55:33.030764+00:00"}
{"asctime": "2026-09-16 00:55:33,031", "name": "httpx", "levelname": "INFO", "correlation_id": "corr-http-123", "message": "HTTP Request: GET https://example.test/context \"HTTP/1.1 200 OK\"", "timestamp": "2026-09-15T22:55:33.031339+00:00"}
{"asctime": "2026-09-16 00:55:33,033", "name": "backend.core.http", "levelname": "INFO", "correlation_id": "n/a", "message": "http_client_closed", "timestamp": "2026-09-15T22:55:33.033739+00:00"}
{"asctime": "2026-09-16 00:55:33,185", "name": "backend.core.http", "levelname": "INFO", "correlation_id": "corr-test-123", "message": "http_client_started max_connections=100 keepalive=20", "timestamp": "2026-09-15T22:55:33.185404+00:00"}
{"asctime": "2026-09-16 00:55:33,186", "name": "httpx", "levelname": "INFO", "correlation_id": "corr-test-123", "message": "HTTP Request: GET https://example.test/phase4 \"HTTP/1.1 429 Too Many Requests\"", "timestamp": "2026-09-15T22:55:33.186003+00:00"}
{"asctime": "2026-09-16 00:55:33,186", "name": "httpx", "levelname": "INFO", "correlation_id": "corr-test-123", "message": "HTTP Request: GET https://example.test/phase4 \"HTTP/1.1 200 OK\"", "timestamp": "2026-09-15T22:55:33.186478+00:00"}
{"asctime": "2026-09-16 00:55:33,239", "name": "backend.core.cache_codec", "levelname": "WARNING", "correlation_id": "corr-test-123", "message": "cache_codec_decode_miss", "timestamp": "2026-09-15T22:55:33.239137+00:00"}
{"asctime": "2026-09-16 00:55:33,239", "name": "backend.core.cache", "levelname": "ERROR", "correlation_id": "corr-test-123", "message": "flush_all_refused use flush_namespace instead", "timestamp": "2026-09-15T22:55:33.239749+00:00"}
{"asctime": "2026-09-16 00:55:33,240", "name": "backend.core.cache_codec", "levelname": "WARNING", "correlation_id": "corr-test-123", "message": "cache_codec_decode_miss", "timestamp": "2026-09-15T22:55:33.240322+00:00"}
{"asctime": "2026-09-16 00:55:33,266", "name": "backend.core.rollout", "levelname": "WARNING", "correlation_id": "n/a", "message": "rollout_mode_invalid value=nope falling_back=on", "timestamp": "2026-09-15T22:55:33.266377+00:00"}
{"asctime": "2026-09-16 00:55:33,268", "name": "backend.core.rollout", "levelname": "INFO", "correlation_id": "n/a", "message": "multi_account_shadow tenant=01d8a4f5-48de-4368-b210-5eef71c54169 selected=2 collapsed=1 delta=1", "timestamp": "2026-09-15T22:55:33.268201+00:00"}
{"asctime": "2026-09-16 00:55:33,276", "name": "backend.core.cache_codec", "levelname": "WARNING", "correlation_id": "n/a", "message": "cache_codec_decode_miss", "timestamp": "2026-09-15T22:55:33.276353+00:00"}
{"asctime": "2026-09-16 00:55:33,277", "name": "backend.core.tenant_cache", "levelname": "ERROR", "correlation_id": "n/a", "message": "cache_set_blocked key=cg:dev:92256d01-875b-42cd-8ea3-bbe34fe8ae44:identity:bad reason=refusing to cache credential field 'password_hash'", "timestamp": "2026-09-15T22:55:33.277386+00:00"}
{"asctime": "2026-09-16 00:55:42,431", "name": "backend.core.cache", "levelname": "INFO", "correlation_id": "n/a", "message": "Redis connection closed", "timestamp": "2026-09-15T22:55:42.431422+00:00"}
{"asctime": "2026-09-16 00:55:44,156", "name": "backend.core.cache", "levelname": "INFO", "correlation_id": "n/a", "message": "Redis connection established successfully", "timestamp": "2026-09-15T22:55:44.156854+00:00"}
{"asctime": "2026-09-16 00:55:44,167", "name": "backend.db.session", "levelname": "INFO", "correlation_id": "n/a", "message": "db_pool_configured role=api size=5 overflow=10 timeout=30.0 recycle=1800 max_per_process=15", "timestamp": "2026-09-15T22:55:44.167205+00:00"}
{"asctime": "2026-09-16 00:55:44,375", "name": "backend.core.cache", "levelname": "INFO", "correlation_id": "n/a", "message": "Redis connection closed", "timestamp": "2026-09-15T22:55:44.375241+00:00"}
{"asctime": "2026-09-16 00:55:46,093", "name": "backend.core.cache", "levelname": "INFO", "correlation_id": "n/a", "message": "Redis connection established successfully", "timestamp": "2026-09-15T22:55:46.093795+00:00"}
{"asctime": "2026-09-16 00:55:46,103", "name": "backend.db.session", "levelname": "INFO", "correlation_id": "n/a", "message": "db_pool_configured role=api size=5 overflow=10 timeout=30.0 recycle=1800 max_per_process=15", "timestamp": "2026-09-15T22:55:46.103938+00:00"}
{"asctime": "2026-09-16 00:57:51,416", "name": "backend.core.cache", "levelname": "INFO", "correlation_id": "n/a", "message": "Redis connection closed", "timestamp": "2026-09-15T22:57:51.416757+00:00"}
{"asctime": "2026-09-16 00:57:53,143", "name": "backend.core.cache", "levelname": "INFO", "correlation_id": "n/a", "message": "Redis connection established successfully", "timestamp": "2026-09-15T22:57:53.143786+00:00"}
{"asctime": "2026-09-16 00:57:53,153", "name": "backend.db.session", "levelname": "INFO", "correlation_id": "n/a", "message": "db_pool_configured role=api size=5 overflow=10 timeout=30.0 recycle=1800 max_per_process=15", "timestamp": "2026-09-15T22:57:53.153667+00:00"}
{"asctime": "2026-09-16 00:57:53,363", "name": "backend.core.cache", "levelname": "INFO", "correlation_id": "n/a", "message": "Redis connection closed", "timestamp": "2026-09-15T22:57:53.363897+00:00"}
{"asctime": "2026-09-16 00:57:55,051", "name": "backend.core.cache", "levelname": "INFO", "correlation_id": "n/a", "message": "Redis connection established successfully", "timestamp": "2026-09-15T22:57:55.051803+00:00"}
{"asctime": "2026-09-16 00:57:55,062", "name": "backend.db.session", "levelname": "INFO", "correlation_id": "n/a", "message": "db_pool_configured role=api size=5 overflow=10 timeout=30.0 recycle=1800 max_per_process=15", "timestamp": "2026-09-15T22:57:55.062735+00:00"}
{"asctime": "2026-09-16 00:58:01,682", "name": "backend.core.cache", "levelname": "INFO", "correlation_id": "n/a", "message": "Redis connection closed", "timestamp": "2026-09-15T22:58:01.682300+00:00"}
{"asctime": "2026-09-16 00:58:03,449", "name": "backend.core.cache", "levelname": "INFO", "correlation_id": "n/a", "message": "Redis connection established successfully", "timestamp": "2026-09-15T22:58:03.449075+00:00"}
{"asctime": "2026-09-16 00:58:03,463", "name": "backend.db.session", "levelname": "INFO", "correlation_id": "n/a", "message": "db_pool_configured role=api size=5 overflow=10 timeout=30.0 recycle=1800 max_per_process=15", "timestamp": "2026-09-15T22:58:03.463681+00:00"}
{"asctime": "2026-09-16 00:58:07,586", "name": "backend.core.cache", "levelname": "INFO", "correlation_id": "n/a", "message": "Redis connection closed", "timestamp": "2026-09-15T22:58:07.586946+00:00"}
{"asctime": "2026-09-16 00:58:09,308", "name": "backend.core.cache", "levelname": "INFO", "correlation_id": "n/a", "message": "Redis connection established successfully", "timestamp": "2026-09-15T22:58:09.308032+00:00"}
{"asctime": "2026-09-16 00:58:09,318", "name": "backend.db.session", "levelname": "INFO", "correlation_id": "n/a", "message": "db_pool_configured role=api size=5 overflow=10 timeout=30.0 recycle=1800 max_per_process=15", "timestamp": "2026-09-15T22:58:09.318773+00:00"}
{"asctime": "2026-09-16 00:58:19,242", "name": "backend.core.cache", "levelname": "INFO", "correlation_id": "n/a", "message": "Redis connection closed", "timestamp": "2026-09-15T22:58:19.242964+00:00"}
{"asctime": "2026-09-16 00:58:20,996", "name": "backend.core.cache", "levelname": "INFO", "correlation_id": "n/a", "message": "Redis connection established successfully", "timestamp": "2026-09-15T22:58:20.996895+00:00"}
{"asctime": "2026-09-16 00:58:21,007", "name": "backend.db.session", "levelname": "INFO", "correlation_id": "n/a", "message": "db_pool_configured role=api size=5 overflow=10 timeout=30.0 recycle=1800 max_per_process=15", "timestamp": "2026-09-15T22:58:21.007168+00:00"}
{"asctime": "2026-09-16 00:58:29,427", "name": "backend.core.cache", "levelname": "INFO", "correlation_id": "n/a", "message": "Redis connection closed", "timestamp": "2026-09-15T22:58:29.427914+00:00"}
{"asctime": "2026-09-16 00:58:31,170", "name": "backend.core.cache", "levelname": "INFO", "correlation_id": "n/a", "message": "Redis connection established successfully", "timestamp": "2026-09-15T22:58:31.170117+00:00"}
{"asctime": "2026-09-16 00:58:31,239", "name": "backend.db.session", "levelname": "INFO", "correlation_id": "n/a", "message": "db_pool_configured role=api size=5 overflow=10 timeout=30.0 recycle=1800 max_per_process=15", "timestamp": "2026-09-15T22:58:31.239091+00:00"}
{"asctime": "2026-09-16 00:59:10,759", "name": "backend.core.cache", "levelname": "INFO", "correlation_id": "n/a", "message": "Redis connection closed", "timestamp": "2026-09-15T22:59:10.759278+00:00"}
{"asctime": "2026-09-16 00:59:12,494", "name": "backend.core.cache", "levelname": "INFO", "correlation_id": "n/a", "message": "Redis connection established successfully", "timestamp": "2026-09-15T22:59:12.494850+00:00"}
{"asctime": "2026-09-16 00:59:12,559", "name": "backend.db.session", "levelname": "INFO", "correlation_id": "n/a", "message": "db_pool_configured role=api size=5 overflow=10 timeout=30.0 recycle=1800 max_per_process=15", "timestamp": "2026-09-15T22:59:12.559486+00:00"}
{"asctime": "2026-09-16 00:59:13,113", "name": "backend.core.cache", "levelname": "INFO", "correlation_id": "n/a", "message": "Redis connection closed", "timestamp": "2026-09-15T22:59:13.113214+00:00"}
{"asctime": "2026-09-16 00:59:14,818", "name": "backend.core.cache", "levelname": "INFO", "correlation_id": "n/a", "message": "Redis connection established successfully", "timestamp": "2026-09-15T22:59:14.818260+00:00"}
{"asctime": "2026-09-16 00:59:14,882", "name": "backend.db.session", "levelname": "INFO", "correlation_id": "n/a", "message": "db_pool_configured role=api size=5 overflow=10 timeout=30.0 recycle=1800 max_per_process=15", "timestamp": "2026-09-15T22:59:14.882659+00:00"}
{"asctime": "2026-09-16 00:59:19,743", "name": "backend.core.cache", "levelname": "INFO", "correlation_id": "n/a", "message": "Redis connection closed", "timestamp": "2026-09-15T22:59:19.743299+00:00"}
{"asctime": "2026-09-16 00:59:21,455", "name": "backend.core.cache", "levelname": "INFO", "correlation_id": "n/a", "message": "Redis connection established successfully", "timestamp": "2026-09-15T22:59:21.455624+00:00"}
{"asctime": "2026-09-16 00:59:21,521", "name": "backend.db.session", "levelname": "INFO", "correlation_id": "n/a", "message": "db_pool_configured role=api size=5 overflow=10 timeout=30.0 recycle=1800 max_per_process=15", "timestamp": "2026-09-15T22:59:21.521445+00:00"}
{"asctime": "2026-09-16 00:59:23,678", "name": "backend.core.cache", "levelname": "INFO", "correlation_id": "n/a", "message": "Redis connection closed", "timestamp": "2026-09-15T22:59:23.678868+00:00"}
{"asctime": "2026-09-16 00:59:25,391", "name": "backend.core.cache", "levelname": "INFO", "correlation_id": "n/a", "message": "Redis connection established successfully", "timestamp": "2026-09-15T22:59:25.391601+00:00"}
{"asctime": "2026-09-16 00:59:25,455", "name": "backend.db.session", "levelname": "INFO", "correlation_id": "n/a", "message": "db_pool_configured role=api size=5 overflow=10 timeout=30.0 recycle=1800 max_per_process=15", "timestamp": "2026-09-15T22:59:25.455230+00:00"}
{"asctime": "2026-09-16 00:59:31,418", "name": "backend.core.cache", "levelname": "INFO", "correlation_id": "n/a", "message": "Redis connection closed", "timestamp": "2026-09-15T22:59:31.418358+00:00"}
{"asctime": "2026-09-16 00:59:33,133", "name": "backend.core.cache", "levelname": "INFO", "correlation_id": "n/a", "message": "Redis connection established successfully", "timestamp": "2026-09-15T22:59:33.133210+00:00"}
{"asctime": "2026-09-16 00:59:33,199", "name": "backend.db.session", "levelname": "INFO", "correlation_id": "n/a", "message": "db_pool_configured role=api size=5 overflow=10 timeout=30.0 recycle=1800 max_per_process=15", "timestamp": "2026-09-15T22:59:33.199632+00:00"}
{"asctime": "2026-09-16 00:59:40,262", "name": "backend.core.cache", "levelname": "INFO", "correlation_id": "n/a", "message": "Redis connection closed", "timestamp": "2026-09-15T22:59:40.262280+00:00"}
{"asctime": "2026-09-16 00:59:42,012", "name": "backend.core.cache", "levelname": "INFO", "correlation_id": "n/a", "message": "Redis connection established successfully", "timestamp": "2026-09-15T22:59:42.012982+00:00"}
{"asctime": "2026-09-16 00:59:42,077", "name": "backend.db.session", "levelname": "INFO", "correlation_id": "n/a", "message": "db_pool_configured role=api size=5 overflow=10 timeout=30.0 recycle=1800 max_per_process=15", "timestamp": "2026-09-15T22:59:42.077469+00:00"}
{"asctime": "2026-09-16 01:00:06,870", "name": "backend.core.cache", "levelname": "INFO", "correlation_id": "n/a", "message": "Redis connection closed", "timestamp": "2026-09-15T23:00:06.870748+00:00"}
{"asctime": "2026-09-16 01:00:08,586", "name": "backend.core.cache", "levelname": "INFO", "correlation_id": "n/a", "message": "Redis connection established successfully", "timestamp": "2026-09-15T23:00:08.586721+00:00"}
{"asctime": "2026-09-16 01:00:08,650", "name": "backend.db.session", "levelname": "INFO", "correlation_id": "n/a", "message": "db_pool_configured role=api size=5 overflow=10 timeout=30.0 recycle=1800 max_per_process=15", "timestamp": "2026-09-15T23:00:08.650995+00:00"}
{"asctime": "2026-09-16 01:00:12,311", "name": "backend.core.cache", "levelname": "INFO", "correlation_id": "n/a", "message": "Redis connection closed", "timestamp": "2026-09-15T23:00:12.311483+00:00"}
{"asctime": "2026-09-16 01:00:14,026", "name": "backend.core.cache", "levelname": "INFO", "correlation_id": "n/a", "message": "Redis connection established successfully", "timestamp": "2026-09-15T23:00:14.026984+00:00"}
{"asctime": "2026-09-16 01:00:14,091", "name": "backend.db.session", "levelname": "INFO", "correlation_id": "n/a", "message": "db_pool_configured role=api size=5 overflow=10 timeout=30.0 recycle=1800 max_per_process=15", "timestamp": "2026-09-15T23:00:14.091781+00:00"}
{"asctime": "2026-09-16 01:00:16,150", "name": "backend.core.cache", "levelname": "INFO", "correlation_id": "n/a", "message": "Redis connection closed", "timestamp": "2026-09-15T23:00:16.150158+00:00"}
{"asctime": "2026-09-16 01:00:17,873", "name": "backend.core.cache", "levelname": "INFO", "correlation_id": "n/a", "message": "Redis connection established successfully", "timestamp": "2026-09-15T23:00:17.873492+00:00"}
{"asctime": "2026-09-16 01:00:17,938", "name": "backend.db.session", "levelname": "INFO", "correlation_id": "n/a", "message": "db_pool_configured role=api size=5 overflow=10 timeout=30.0 recycle=1800 max_per_process=15", "timestamp": "2026-09-15T23:00:17.938280+00:00"}
{"asctime": "2026-09-16 01:00:29,011", "name": "backend.core.cache", "levelname": "INFO", "correlation_id": "n/a", "message": "Redis connection closed", "timestamp": "2026-09-15T23:00:29.011302+00:00"}
{"asctime": "2026-09-16 01:00:30,794", "name": "backend.core.cache", "levelname": "INFO", "correlation_id": "n/a", "message": "Redis connection established successfully", "timestamp": "2026-09-15T23:00:30.794230+00:00"}
{"asctime": "2026-09-16 01:00:30,861", "name": "backend.db.session", "levelname": "INFO", "correlation_id": "n/a", "message": "db_pool_configured role=api size=5 overflow=10 timeout=30.0 recycle=1800 max_per_process=15", "timestamp": "2026-09-15T23:00:30.861878+00:00"}
{"asctime": "2026-09-16 01:00:31,017", "name": "backend.core.cache", "levelname": "INFO", "correlation_id": "n/a", "message": "Redis connection closed", "timestamp": "2026-09-15T23:00:31.017476+00:00"}
{"asctime": "2026-09-16 01:00:32,788", "name": "backend.core.cache", "levelname": "INFO", "correlation_id": "n/a", "message": "Redis connection established successfully", "timestamp": "2026-09-15T23:00:32.788074+00:00"}
{"asctime": "2026-09-16 01:00:32,856", "name": "backend.db.session", "levelname": "INFO", "correlation_id": "n/a", "message": "db_pool_configured role=api size=5 overflow=10 timeout=30.0 recycle=1800 max_per_process=15", "timestamp": "2026-09-15T23:00:32.856623+00:00"}
{"asctime": "2026-09-16 01:00:33,013", "name": "backend.core.cache", "levelname": "INFO", "correlation_id": "n/a", "message": "Redis connection closed", "timestamp": "2026-09-15T23:00:33.013670+00:00"}
{"asctime": "2026-09-16 01:00:34,769", "name": "backend.core.cache", "levelname": "INFO", "correlation_id": "n/a", "message": "Redis connection established successfully", "timestamp": "2026-09-15T23:00:34.769443+00:00"}
{"asctime": "2026-09-16 01:00:34,834", "name": "backend.db.session", "levelname": "INFO", "correlation_id": "n/a", "message": "db_pool_configured role=api size=5 overflow=10 timeout=30.0 recycle=1800 max_per_process=15", "timestamp": "2026-09-15T23:00:34.834711+00:00"}
{"asctime": "2026-09-16 01:00:34,988", "name": "backend.core.cache", "levelname": "INFO", "correlation_id": "n/a", "message": "Redis connection closed", "timestamp": "2026-09-15T23:00:34.988915+00:00"}
{"asctime": "2026-09-16 01:00:36,691", "name": "backend.core.cache", "levelname": "INFO", "correlation_id": "n/a", "message": "Redis connection established successfully", "timestamp": "2026-09-15T23:00:36.691399+00:00"}
{"asctime": "2026-09-16 01:00:36,755", "name": "backend.db.session", "levelname": "INFO", "correlation_id": "n/a", "message": "db_pool_configured role=api size=5 overflow=10 timeout=30.0 recycle=1800 max_per_process=15", "timestamp": "2026-09-15T23:00:36.755931+00:00"}
{"asctime": "2026-09-16 01:03:08,249", "name": "backend.core.cache", "levelname": "INFO", "correlation_id": "n/a", "message": "Redis connection closed", "timestamp": "2026-09-15T23:03:08.249585+00:00"}
{"asctime": "2026-09-16 01:03:10,008", "name": "backend.core.cache", "levelname": "INFO", "correlation_id": "n/a", "message": "Redis connection established successfully", "timestamp": "2026-09-15T23:03:10.008832+00:00"}
{"asctime": "2026-09-16 01:03:10,073", "name": "backend.db.session", "levelname": "INFO", "correlation_id": "n/a", "message": "db_pool_configured role=api size=5 overflow=10 timeout=30.0 recycle=1800 max_per_process=15", "timestamp": "2026-09-15T23:03:10.073670+00:00"}
{"asctime": "2026-09-16 01:03:20,347", "name": "backend.core.cache", "levelname": "INFO", "correlation_id": "n/a", "message": "Redis connection closed", "timestamp": "2026-09-15T23:03:20.347299+00:00"}
{"asctime": "2026-09-16 01:03:22,062", "name": "backend.core.cache", "levelname": "INFO", "correlation_id": "n/a", "message": "Redis connection established successfully", "timestamp": "2026-09-15T23:03:22.062455+00:00"}
{"asctime": "2026-09-16 01:03:22,127", "name": "backend.db.session", "levelname": "INFO", "correlation_id": "n/a", "message": "db_pool_configured role=api size=5 overflow=10 timeout=30.0 recycle=1800 max_per_process=15", "timestamp": "2026-09-15T23:03:22.127310+00:00"}
{"asctime": "2026-09-16 01:03:34,696", "name": "backend.core.cache", "levelname": "INFO", "correlation_id": "n/a", "message": "Redis connection closed", "timestamp": "2026-09-15T23:03:34.696191+00:00"}
{"asctime": "2026-09-16 01:03:36,417", "name": "backend.core.cache", "levelname": "INFO", "correlation_id": "n/a", "message": "Redis connection established successfully", "timestamp": "2026-09-15T23:03:36.417089+00:00"}
{"asctime": "2026-09-16 01:03:36,480", "name": "backend.db.session", "levelname": "INFO", "correlation_id": "n/a", "message": "db_pool_configured role=api size=5 overflow=10 timeout=30.0 recycle=1800 max_per_process=15", "timestamp": "2026-09-15T23:03:36.480416+00:00"}
{"asctime": "2026-09-16 01:03:43,745", "name": "backend.core.cache", "levelname": "INFO", "correlation_id": "n/a", "message": "Redis connection closed", "timestamp": "2026-09-15T23:03:43.745032+00:00"}
{"asctime": "2026-09-16 01:03:45,453", "name": "backend.core.cache", "levelname": "INFO", "correlation_id": "n/a", "message": "Redis connection established successfully", "timestamp": "2026-09-15T23:03:45.453940+00:00"}
{"asctime": "2026-09-16 01:03:45,518", "name": "backend.db.session", "levelname": "INFO", "correlation_id": "n/a", "message": "db_pool_configured role=api size=5 overflow=10 timeout=30.0 recycle=1800 max_per_process=15", "timestamp": "2026-09-15T23:03:45.518240+00:00"}
{"asctime": "2026-09-16 01:03:58,992", "name": "backend.core.cache", "levelname": "INFO", "correlation_id": "n/a", "message": "Redis connection closed", "timestamp": "2026-09-15T23:03:58.992615+00:00"}
{"asctime": "2026-09-16 01:04:00,727", "name": "backend.core.cache", "levelname": "INFO", "correlation_id": "n/a", "message": "Redis connection established successfully", "timestamp": "2026-09-15T23:04:00.727386+00:00"}
{"asctime": "2026-09-16 01:04:00,792", "name": "backend.db.session", "levelname": "INFO", "correlation_id": "n/a", "message": "db_pool_configured role=api size=5 overflow=10 timeout=30.0 recycle=1800 max_per_process=15", "timestamp": "2026-09-15T23:04:00.792190+00:00"}
{"asctime": "2026-09-16 01:04:11,367", "name": "backend.core.cache", "levelname": "INFO", "correlation_id": "n/a", "message": "Redis connection closed", "timestamp": "2026-09-15T23:04:11.367038+00:00"}
{"asctime": "2026-09-16 01:04:13,185", "name": "backend.core.cache", "levelname": "INFO", "correlation_id": "n/a", "message": "Redis connection established successfully", "timestamp": "2026-09-15T23:04:13.185230+00:00"}
{"asctime": "2026-09-16 01:04:13,253", "name": "backend.db.session", "levelname": "INFO", "correlation_id": "n/a", "message": "db_pool_configured role=api size=5 overflow=10 timeout=30.0 recycle=1800 max_per_process=15", "timestamp": "2026-09-15T23:04:13.253415+00:00"}
{"asctime": "2026-09-16 01:04:13,411", "name": "backend.core.cache", "levelname": "INFO", "correlation_id": "n/a", "message": "Redis connection closed", "timestamp": "2026-09-15T23:04:13.411797+00:00"}
{"asctime": "2026-09-16 01:04:15,124", "name": "backend.core.cache", "levelname": "INFO", "correlation_id": "n/a", "message": "Redis connection established successfully", "timestamp": "2026-09-15T23:04:15.124728+00:00"}
{"asctime": "2026-09-16 01:04:15,188", "name": "backend.db.session", "levelname": "INFO", "correlation_id": "n/a", "message": "db_pool_configured role=api size=5 overflow=10 timeout=30.0 recycle=1800 max_per_process=15", "timestamp": "2026-09-15T23:04:15.188628+00:00"}
{"asctime": "2026-09-16 01:04:15,342", "name": "backend.core.cache", "levelname": "INFO", "correlation_id": "n/a", "message": "Redis connection closed", "timestamp": "2026-09-15T23:04:15.342879+00:00"}
{"asctime": "2026-09-16 01:04:17,057", "name": "backend.core.cache", "levelname": "INFO", "correlation_id": "n/a", "message": "Redis connection established successfully", "timestamp": "2026-09-15T23:04:17.057320+00:00"}
{"asctime": "2026-09-16 01:04:17,122", "name": "backend.db.session", "levelname": "INFO", "correlation_id": "n/a", "message": "db_pool_configured role=api size=5 overflow=10 timeout=30.0 recycle=1800 max_per_process=15", "timestamp": "2026-09-15T23:04:17.122200+00:00"}
{"asctime": "2026-09-16 01:04:34,604", "name": "backend.core.cache", "levelname": "INFO", "correlation_id": "n/a", "message": "Redis connection closed", "timestamp": "2026-09-15T23:04:34.604982+00:00"}
{"asctime": "2026-09-16 01:04:36,312", "name": "backend.core.cache", "levelname": "INFO", "correlation_id": "n/a", "message": "Redis connection established successfully", "timestamp": "2026-09-15T23:04:36.312138+00:00"}
{"asctime": "2026-09-16 01:04:36,376", "name": "backend.db.session", "levelname": "INFO", "correlation_id": "n/a", "message": "db_pool_configured role=api size=5 overflow=10 timeout=30.0 recycle=1800 max_per_process=15", "timestamp": "2026-09-15T23:04:36.376620+00:00"}
{"asctime": "2026-09-16 01:04:37,029", "name": "backend.core.cache", "levelname": "INFO", "correlation_id": "n/a", "message": "Redis connection closed", "timestamp": "2026-09-15T23:04:37.029985+00:00"}
{"asctime": "2026-09-16 01:04:38,782", "name": "backend.core.cache", "levelname": "INFO", "correlation_id": "n/a", "message": "Redis connection established successfully", "timestamp": "2026-09-15T23:04:38.782784+00:00"}
{"asctime": "2026-09-16 01:04:38,847", "name": "backend.db.session", "levelname": "INFO", "correlation_id": "n/a", "message": "db_pool_configured role=api size=5 overflow=10 timeout=30.0 recycle=1800 max_per_process=15", "timestamp": "2026-09-15T23:04:38.847745+00:00"}
{"asctime": "2026-09-16 01:04:39,000", "name": "backend.core.cache", "levelname": "INFO", "correlation_id": "n/a", "message": "Redis connection closed", "timestamp": "2026-09-15T23:04:39.000508+00:00"}
{"asctime": "2026-09-16 01:04:40,694", "name": "backend.core.cache", "levelname": "INFO", "correlation_id": "n/a", "message": "Redis connection established successfully", "timestamp": "2026-09-15T23:04:40.694440+00:00"}
{"asctime": "2026-09-16 01:04:40,760", "name": "backend.db.session", "levelname": "INFO", "correlation_id": "n/a", "message": "db_pool_configured role=api size=5 overflow=10 timeout=30.0 recycle=1800 max_per_process=15", "timestamp": "2026-09-15T23:04:40.760093+00:00"}
{"asctime": "2026-09-16 01:04:42,417", "name": "backend.core.cache", "levelname": "INFO", "correlation_id": "n/a", "message": "Redis connection closed", "timestamp": "2026-09-15T23:04:42.417138+00:00"}
{"asctime": "2026-09-16 01:04:44,196", "name": "backend.core.cache", "levelname": "INFO", "correlation_id": "n/a", "message": "Redis connection established successfully", "timestamp": "2026-09-15T23:04:44.196184+00:00"}
{"asctime": "2026-09-16 01:04:44,260", "name": "backend.db.session", "levelname": "INFO", "correlation_id": "n/a", "message": "db_pool_configured role=api size=5 overflow=10 timeout=30.0 recycle=1800 max_per_process=15", "timestamp": "2026-09-15T23:04:44.260952+00:00"}
{"asctime": "2026-09-16 01:04:44,414", "name": "backend.core.cache", "levelname": "INFO", "correlation_id": "n/a", "message": "Redis connection closed", "timestamp": "2026-09-15T23:04:44.414155+00:00"}
{"asctime": "2026-09-16 01:04:46,122", "name": "backend.core.cache", "levelname": "INFO", "correlation_id": "n/a", "message": "Redis connection established successfully", "timestamp": "2026-09-15T23:04:46.122775+00:00"}
{"asctime": "2026-09-16 01:04:46,186", "name": "backend.db.session", "levelname": "INFO", "correlation_id": "n/a", "message": "db_pool_configured role=api size=5 overflow=10 timeout=30.0 recycle=1800 max_per_process=15", "timestamp": "2026-09-15T23:04:46.186447+00:00"}
{"asctime": "2026-09-16 01:04:57,458", "name": "backend.core.cache", "levelname": "INFO", "correlation_id": "n/a", "message": "Redis connection closed", "timestamp": "2026-09-15T23:04:57.458179+00:00"}
{"asctime": "2026-09-16 01:04:59,168", "name": "backend.core.cache", "levelname": "INFO", "correlation_id": "n/a", "message": "Redis connection established successfully", "timestamp": "2026-09-15T23:04:59.168272+00:00"}
{"asctime": "2026-09-16 01:04:59,233", "name": "backend.db.session", "levelname": "INFO", "correlation_id": "n/a", "message": "db_pool_configured role=api size=5 overflow=10 timeout=30.0 recycle=1800 max_per_process=15", "timestamp": "2026-09-15T23:04:59.233245+00:00"}
{"asctime": "2026-09-16 01:05:05,696", "name": "backend.core.cache", "levelname": "INFO", "correlation_id": "n/a", "message": "Redis connection closed", "timestamp": "2026-09-15T23:05:05.696384+00:00"}
{"asctime": "2026-09-16 01:05:07,490", "name": "backend.core.cache", "levelname": "INFO", "correlation_id": "n/a", "message": "Redis connection established successfully", "timestamp": "2026-09-15T23:05:07.490613+00:00"}
{"asctime": "2026-09-16 01:05:07,555", "name": "backend.db.session", "levelname": "INFO", "correlation_id": "n/a", "message": "db_pool_configured role=api size=5 overflow=10 timeout=30.0 recycle=1800 max_per_process=15", "timestamp": "2026-09-15T23:05:07.555035+00:00"}
{"asctime": "2026-09-16 01:05:07,709", "name": "backend.core.cache", "levelname": "INFO", "correlation_id": "n/a", "message": "Redis connection closed", "timestamp": "2026-09-15T23:05:07.709505+00:00"}
{"asctime": "2026-09-16 01:05:09,412", "name": "backend.core.cache", "levelname": "INFO", "correlation_id": "n/a", "message": "Redis connection established successfully", "timestamp": "2026-09-15T23:05:09.412770+00:00"}
{"asctime": "2026-09-16 01:05:09,477", "name": "backend.db.session", "levelname": "INFO", "correlation_id": "n/a", "message": "db_pool_configured role=api size=5 overflow=10 timeout=30.0 recycle=1800 max_per_process=15", "timestamp": "2026-09-15T23:05:09.477887+00:00"}
{"asctime": "2026-09-16 01:05:12,137", "name": "backend.core.cache", "levelname": "INFO", "correlation_id": "n/a", "message": "Redis connection closed", "timestamp": "2026-09-15T23:05:12.137232+00:00"}
{"asctime": "2026-09-16 01:05:13,884", "name": "backend.core.cache", "levelname": "INFO", "correlation_id": "n/a", "message": "Redis connection established successfully", "timestamp": "2026-09-15T23:05:13.884773+00:00"}
{"asctime": "2026-09-16 01:05:13,950", "name": "backend.db.session", "levelname": "INFO", "correlation_id": "n/a", "message": "db_pool_configured role=api size=5 overflow=10 timeout=30.0 recycle=1800 max_per_process=15", "timestamp": "2026-09-15T23:05:13.950786+00:00"}
{"asctime": "2026-09-16 01:05:14,105", "name": "backend.core.cache", "levelname": "INFO", "correlation_id": "n/a", "message": "Redis connection closed", "timestamp": "2026-09-15T23:05:14.105061+00:00"}
{"asctime": "2026-09-16 01:05:15,843", "name": "backend.core.cache", "levelname": "INFO", "correlation_id": "n/a", "message": "Redis connection established successfully", "timestamp": "2026-09-15T23:05:15.843275+00:00"}
{"asctime": "2026-09-16 01:05:15,910", "name": "backend.db.session", "levelname": "INFO", "correlation_id": "n/a", "message": "db_pool_configured role=api size=5 overflow=10 timeout=30.0 recycle=1800 max_per_process=15", "timestamp": "2026-09-15T23:05:15.910182+00:00"}
{"asctime": "2026-09-16 01:05:16,071", "name": "backend.core.cache", "levelname": "INFO", "correlation_id": "n/a", "message": "Redis connection closed", "timestamp": "2026-09-15T23:05:16.071117+00:00"}
{"asctime": "2026-09-16 01:05:17,810", "name": "backend.core.cache", "levelname": "INFO", "correlation_id": "n/a", "message": "Redis connection established successfully", "timestamp": "2026-09-15T23:05:17.810540+00:00"}
{"asctime": "2026-09-16 01:05:17,879", "name": "backend.db.session", "levelname": "INFO", "correlation_id": "n/a", "message": "db_pool_configured role=api size=5 overflow=10 timeout=30.0 recycle=1800 max_per_process=15", "timestamp": "2026-09-15T23:05:17.879491+00:00"}
{"asctime": "2026-09-16 01:05:18,034", "name": "backend.core.cache", "levelname": "INFO", "correlation_id": "n/a", "message": "Redis connection closed", "timestamp": "2026-09-15T23:05:18.034567+00:00"}
{"asctime": "2026-09-16 01:05:19,781", "name": "backend.core.cache", "levelname": "INFO", "correlation_id": "n/a", "message": "Redis connection established successfully", "timestamp": "2026-09-15T23:05:19.781941+00:00"}
{"asctime": "2026-09-16 01:05:19,847", "name": "backend.db.session", "levelname": "INFO", "correlation_id": "n/a", "message": "db_pool_configured role=api size=5 overflow=10 timeout=30.0 recycle=1800 max_per_process=15", "timestamp": "2026-09-15T23:05:19.847581+00:00"}
{"asctime": "2026-09-16 01:05:20,001", "name": "backend.core.cache", "levelname": "INFO", "correlation_id": "n/a", "message": "Redis connection closed", "timestamp": "2026-09-15T23:05:20.001444+00:00"}
{"asctime": "2026-09-16 01:05:21,725", "name": "backend.core.cache", "levelname": "INFO", "correlation_id": "n/a", "message": "Redis connection established successfully", "timestamp": "2026-09-15T23:05:21.725218+00:00"}
{"asctime": "2026-09-16 01:05:21,790", "name": "backend.db.session", "levelname": "INFO", "correlation_id": "n/a", "message": "db_pool_configured role=api size=5 overflow=10 timeout=30.0 recycle=1800 max_per_process=15", "timestamp": "2026-09-15T23:05:21.790800+00:00"}
{"asctime": "2026-09-16 01:05:30,160", "name": "backend.core.cache", "levelname": "INFO", "correlation_id": "n/a", "message": "Redis connection closed", "timestamp": "2026-09-15T23:05:30.160733+00:00"}
{"asctime": "2026-09-16 01:05:31,915", "name": "backend.core.cache", "levelname": "INFO", "correlation_id": "n/a", "message": "Redis connection established successfully", "timestamp": "2026-09-15T23:05:31.915847+00:00"}
{"asctime": "2026-09-16 01:05:31,979", "name": "backend.db.session", "levelname": "INFO", "correlation_id": "n/a", "message": "db_pool_configured role=api size=5 overflow=10 timeout=30.0 recycle=1800 max_per_process=15", "timestamp": "2026-09-15T23:05:31.979788+00:00"}
{"asctime": "2026-09-16 01:05:32,133", "name": "backend.core.cache", "levelname": "INFO", "correlation_id": "n/a", "message": "Redis connection closed", "timestamp": "2026-09-15T23:05:32.133543+00:00"}
{"asctime": "2026-09-16 01:05:33,874", "name": "backend.core.cache", "levelname": "INFO", "correlation_id": "n/a", "message": "Redis connection established successfully", "timestamp": "2026-09-15T23:05:33.874911+00:00"}
{"asctime": "2026-09-16 01:05:33,948", "name": "backend.db.session", "levelname": "INFO", "correlation_id": "n/a", "message": "db_pool_configured role=api size=5 overflow=10 timeout=30.0 recycle=1800 max_per_process=15", "timestamp": "2026-09-15T23:05:33.948688+00:00"}
{"asctime": "2026-09-16 01:06:17,274", "name": "backend.core.cache", "levelname": "INFO", "correlation_id": "n/a", "message": "Redis connection closed", "timestamp": "2026-09-15T23:06:17.274707+00:00"}
{"asctime": "2026-09-16 01:06:19,044", "name": "backend.core.cache", "levelname": "INFO", "correlation_id": "n/a", "message": "Redis connection established successfully", "timestamp": "2026-09-15T23:06:19.044129+00:00"}
{"asctime": "2026-09-16 01:06:19,109", "name": "backend.db.session", "levelname": "INFO", "correlation_id": "n/a", "message": "db_pool_configured role=api size=5 overflow=10 timeout=30.0 recycle=1800 max_per_process=15", "timestamp": "2026-09-15T23:06:19.109793+00:00"}
{"asctime": "2026-09-16 01:07:07,354", "name": "backend.core.cache", "levelname": "INFO", "correlation_id": "n/a", "message": "Redis connection closed", "timestamp": "2026-09-15T23:07:07.354864+00:00"}
{"asctime": "2026-09-16 01:07:09,110", "name": "backend.core.cache", "levelname": "INFO", "correlation_id": "n/a", "message": "Redis connection established successfully", "timestamp": "2026-09-15T23:07:09.110271+00:00"}
{"asctime": "2026-09-16 01:07:09,175", "name": "backend.db.session", "levelname": "INFO", "correlation_id": "n/a", "message": "db_pool_configured role=api size=5 overflow=10 timeout=30.0 recycle=1800 max_per_process=15", "timestamp": "2026-09-15T23:07:09.175264+00:00"}
{"asctime": "2026-09-16 01:07:33,669", "name": "backend.core.cache", "levelname": "INFO", "correlation_id": "n/a", "message": "Redis connection closed", "timestamp": "2026-09-15T23:07:33.669510+00:00"}
{"asctime": "2026-09-16 01:07:35,390", "name": "backend.core.cache", "levelname": "INFO", "correlation_id": "n/a", "message": "Redis connection established successfully", "timestamp": "2026-09-15T23:07:35.390021+00:00"}
{"asctime": "2026-09-16 01:07:35,454", "name": "backend.db.session", "levelname": "INFO", "correlation_id": "n/a", "message": "db_pool_configured role=api size=5 overflow=10 timeout=30.0 recycle=1800 max_per_process=15", "timestamp": "2026-09-15T23:07:35.454304+00:00"}
{"asctime": "2026-09-16 01:07:40,016", "name": "backend.core.cache", "levelname": "INFO", "correlation_id": "n/a", "message": "Redis connection closed", "timestamp": "2026-09-15T23:07:40.016110+00:00"}
{"asctime": "2026-09-16 01:07:41,825", "name": "backend.core.cache", "levelname": "INFO", "correlation_id": "n/a", "message": "Redis connection established successfully", "timestamp": "2026-09-15T23:07:41.825650+00:00"}
{"asctime": "2026-09-16 01:07:41,899", "name": "backend.db.session", "levelname": "INFO", "correlation_id": "n/a", "message": "db_pool_configured role=api size=5 overflow=10 timeout=30.0 recycle=1800 max_per_process=15", "timestamp": "2026-09-15T23:07:41.899199+00:00"}
{"asctime": "2026-09-16 01:07:42,056", "name": "backend.core.cache", "levelname": "INFO", "correlation_id": "n/a", "message": "Redis connection closed", "timestamp": "2026-09-15T23:07:42.056693+00:00"}
{"asctime": "2026-09-16 01:07:43,804", "name": "backend.core.cache", "levelname": "INFO", "correlation_id": "n/a", "message": "Redis connection established successfully", "timestamp": "2026-09-15T23:07:43.804915+00:00"}
{"asctime": "2026-09-16 01:07:43,869", "name": "backend.db.session", "levelname": "INFO", "correlation_id": "n/a", "message": "db_pool_configured role=api size=5 overflow=10 timeout=30.0 recycle=1800 max_per_process=15", "timestamp": "2026-09-15T23:07:43.869371+00:00"}
{"asctime": "2026-09-16 01:08:07,458", "name": "backend.core.cache", "levelname": "INFO", "correlation_id": "n/a", "message": "Redis connection closed", "timestamp": "2026-09-15T23:08:07.458863+00:00"}
{"asctime": "2026-09-16 01:08:09,229", "name": "backend.core.cache", "levelname": "INFO", "correlation_id": "n/a", "message": "Redis connection established successfully", "timestamp": "2026-09-15T23:08:09.229293+00:00"}
{"asctime": "2026-09-16 01:08:09,295", "name": "backend.db.session", "levelname": "INFO", "correlation_id": "n/a", "message": "db_pool_configured role=api size=5 overflow=10 timeout=30.0 recycle=1800 max_per_process=15", "timestamp": "2026-09-15T23:08:09.295971+00:00"}
{"asctime": "2026-09-16 01:10:14,552", "name": "backend.core.cache", "levelname": "INFO", "correlation_id": "n/a", "message": "Redis connection closed", "timestamp": "2026-09-15T23:10:14.552547+00:00"}
{"asctime": "2026-09-16 01:10:16,295", "name": "backend.core.cache", "levelname": "INFO", "correlation_id": "n/a", "message": "Redis connection established successfully", "timestamp": "2026-09-15T23:10:16.295467+00:00"}
{"asctime": "2026-09-16 01:10:16,360", "name": "backend.db.session", "levelname": "INFO", "correlation_id": "n/a", "message": "db_pool_configured role=api size=5 overflow=10 timeout=30.0 recycle=1800 max_per_process=15", "timestamp": "2026-09-15T23:10:16.360407+00:00"}
{"asctime": "2026-09-16 01:10:30,838", "name": "backend.core.cache", "levelname": "INFO", "correlation_id": "n/a", "message": "Redis connection closed", "timestamp": "2026-09-15T23:10:30.838828+00:00"}
{"asctime": "2026-09-16 01:10:32,564", "name": "backend.core.cache", "levelname": "INFO", "correlation_id": "n/a", "message": "Redis connection established successfully", "timestamp": "2026-09-15T23:10:32.564142+00:00"}
{"asctime": "2026-09-16 01:10:32,628", "name": "backend.db.session", "levelname": "INFO", "correlation_id": "n/a", "message": "db_pool_configured role=api size=5 overflow=10 timeout=30.0 recycle=1800 max_per_process=15", "timestamp": "2026-09-15T23:10:32.628090+00:00"}
{"asctime": "2026-09-16 01:10:50,107", "name": "backend.core.cache", "levelname": "INFO", "correlation_id": "n/a", "message": "Redis connection closed", "timestamp": "2026-09-15T23:10:50.107511+00:00"}
{"asctime": "2026-09-16 01:10:51,822", "name": "backend.core.cache", "levelname": "INFO", "correlation_id": "n/a", "message": "Redis connection established successfully", "timestamp": "2026-09-15T23:10:51.822014+00:00"}
{"asctime": "2026-09-16 01:10:51,887", "name": "backend.db.session", "levelname": "INFO", "correlation_id": "n/a", "message": "db_pool_configured role=api size=5 overflow=10 timeout=30.0 recycle=1800 max_per_process=15", "timestamp": "2026-09-15T23:10:51.887427+00:00"}
{"asctime": "2026-09-16 01:10:57,348", "name": "backend.core.cache", "levelname": "INFO", "correlation_id": "n/a", "message": "Redis connection closed", "timestamp": "2026-09-15T23:10:57.348788+00:00"}
{"asctime": "2026-09-16 01:10:59,135", "name": "backend.core.cache", "levelname": "INFO", "correlation_id": "n/a", "message": "Redis connection established successfully", "timestamp": "2026-09-15T23:10:59.135978+00:00"}
{"asctime": "2026-09-16 01:10:59,204", "name": "backend.db.session", "levelname": "INFO", "correlation_id": "n/a", "message": "db_pool_configured role=api size=5 overflow=10 timeout=30.0 recycle=1800 max_per_process=15", "timestamp": "2026-09-15T23:10:59.204733+00:00"}
{"asctime": "2026-09-16 01:10:59,362", "name": "backend.core.cache", "levelname": "INFO", "correlation_id": "n/a", "message": "Redis connection closed", "timestamp": "2026-09-15T23:10:59.362872+00:00"}
{"asctime": "2026-09-16 01:11:01,210", "name": "backend.core.cache", "levelname": "INFO", "correlation_id": "n/a", "message": "Redis connection established successfully", "timestamp": "2026-09-15T23:11:01.210351+00:00"}
{"asctime": "2026-09-16 01:11:01,222", "name": "backend.db.session", "levelname": "INFO", "correlation_id": "n/a", "message": "db_pool_configured role=api size=5 overflow=10 timeout=30.0 recycle=1800 max_per_process=15", "timestamp": "2026-09-15T23:11:01.222264+00:00"}
{"asctime": "2026-09-16 01:11:01,384", "name": "backend.core.cache", "levelname": "INFO", "correlation_id": "n/a", "message": "Redis connection closed", "timestamp": "2026-09-15T23:11:01.384403+00:00"}
{"asctime": "2026-09-16 01:11:03,240", "name": "backend.core.cache", "levelname": "INFO", "correlation_id": "n/a", "message": "Redis connection established successfully", "timestamp": "2026-09-15T23:11:03.240248+00:00"}
{"asctime": "2026-09-16 01:11:03,252", "name": "backend.db.session", "levelname": "INFO", "correlation_id": "n/a", "message": "db_pool_configured role=api size=5 overflow=10 timeout=30.0 recycle=1800 max_per_process=15", "timestamp": "2026-09-15T23:11:03.252164+00:00"}
{"asctime": "2026-09-16 01:14:43,564", "name": "backend.core.cache", "levelname": "INFO", "correlation_id": "n/a", "message": "Redis connection closed", "timestamp": "2026-09-15T23:14:43.564324+00:00"}
{"asctime": "2026-09-16 01:14:45,422", "name": "backend.core.cache", "levelname": "INFO", "correlation_id": "n/a", "message": "Redis connection established successfully", "timestamp": "2026-09-15T23:14:45.422764+00:00"}
{"asctime": "2026-09-16 01:14:45,433", "name": "backend.db.session", "levelname": "INFO", "correlation_id": "n/a", "message": "db_pool_configured role=api size=5 overflow=10 timeout=30.0 recycle=1800 max_per_process=15", "timestamp": "2026-09-15T23:14:45.433756+00:00"}
{"asctime": "2026-09-16 01:15:00,013", "name": "backend.core.cache", "levelname": "INFO", "correlation_id": "n/a", "message": "Redis connection closed", "timestamp": "2026-09-15T23:15:00.013358+00:00"}
{"asctime": "2026-09-16 01:15:01,955", "name": "backend.core.cache", "levelname": "INFO", "correlation_id": "n/a", "message": "Redis connection established successfully", "timestamp": "2026-09-15T23:15:01.955213+00:00"}
{"asctime": "2026-09-16 01:15:01,968", "name": "backend.db.session", "levelname": "INFO", "correlation_id": "n/a", "message": "db_pool_configured role=api size=5 overflow=10 timeout=30.0 recycle=1800 max_per_process=15", "timestamp": "2026-09-15T23:15:01.968594+00:00"}
{"asctime": "2026-09-16 01:23:01,012", "name": "backend.core.cache", "levelname": "INFO", "correlation_id": "n/a", "message": "Redis connection closed", "timestamp": "2026-09-15T23:23:01.012834+00:00"}
{"asctime": "2026-09-16 01:23:02,923", "name": "backend.core.cache", "levelname": "INFO", "correlation_id": "n/a", "message": "Redis connection established successfully", "timestamp": "2026-09-15T23:23:02.923032+00:00"}
{"asctime": "2026-09-16 01:23:02,933", "name": "backend.db.session", "levelname": "INFO", "correlation_id": "n/a", "message": "db_pool_configured role=api size=5 overflow=10 timeout=30.0 recycle=1800 max_per_process=15", "timestamp": "2026-09-15T23:23:02.933616+00:00"}
{"asctime": "2026-09-16 01:23:10,498", "name": "backend.core.cache", "levelname": "INFO", "correlation_id": "n/a", "message": "Redis connection closed", "timestamp": "2026-09-15T23:23:10.498329+00:00"}
{"asctime": "2026-09-16 01:23:12,418", "name": "backend.core.cache", "levelname": "INFO", "correlation_id": "n/a", "message": "Redis connection established successfully", "timestamp": "2026-09-15T23:23:12.418890+00:00"}
{"asctime": "2026-09-16 01:23:12,430", "name": "backend.db.session", "levelname": "INFO", "correlation_id": "n/a", "message": "db_pool_configured role=api size=5 overflow=10 timeout=30.0 recycle=1800 max_per_process=15", "timestamp": "2026-09-15T23:23:12.430047+00:00"}
{"asctime": "2026-09-16 01:23:12,584", "name": "backend.core.cache", "levelname": "INFO", "correlation_id": "n/a", "message": "Redis connection closed", "timestamp": "2026-09-15T23:23:12.584013+00:00"}
{"asctime": "2026-09-16 01:23:14,406", "name": "backend.core.cache", "levelname": "INFO", "correlation_id": "n/a", "message": "Redis connection established successfully", "timestamp": "2026-09-15T23:23:14.406932+00:00"}
{"asctime": "2026-09-16 01:23:14,417", "name": "backend.db.session", "levelname": "INFO", "correlation_id": "n/a", "message": "db_pool_configured role=api size=5 overflow=10 timeout=30.0 recycle=1800 max_per_process=15", "timestamp": "2026-09-15T23:23:14.417254+00:00"}
{"asctime": "2026-09-16 01:23:42,513", "name": "backend.core.cache", "levelname": "INFO", "correlation_id": "n/a", "message": "Redis connection closed", "timestamp": "2026-09-15T23:23:42.513973+00:00"}
{"asctime": "2026-09-16 01:23:44,352", "name": "backend.core.cache", "levelname": "INFO", "correlation_id": "n/a", "message": "Redis connection established successfully", "timestamp": "2026-09-15T23:23:44.352545+00:00"}
{"asctime": "2026-09-16 01:23:44,363", "name": "backend.db.session", "levelname": "INFO", "correlation_id": "n/a", "message": "db_pool_configured role=api size=5 overflow=10 timeout=30.0 recycle=1800 max_per_process=15", "timestamp": "2026-09-15T23:23:44.363857+00:00"}
{"asctime": "2026-09-16 01:24:08,049", "name": "backend.core.cache", "levelname": "INFO", "correlation_id": "n/a", "message": "Redis connection closed", "timestamp": "2026-09-15T23:24:08.049332+00:00"}
{"asctime": "2026-09-16 01:24:09,868", "name": "backend.core.cache", "levelname": "INFO", "correlation_id": "n/a", "message": "Redis connection established successfully", "timestamp": "2026-09-15T23:24:09.868016+00:00"}
{"asctime": "2026-09-16 01:24:09,879", "name": "backend.db.session", "levelname": "INFO", "correlation_id": "n/a", "message": "db_pool_configured role=api size=5 overflow=10 timeout=30.0 recycle=1800 max_per_process=15", "timestamp": "2026-09-15T23:24:09.879426+00:00"}
{"asctime": "2026-09-16 01:24:10,036", "name": "backend.core.cache", "levelname": "INFO", "correlation_id": "n/a", "message": "Redis connection closed", "timestamp": "2026-09-15T23:24:10.036274+00:00"}
{"asctime": "2026-09-16 01:24:11,864", "name": "backend.core.cache", "levelname": "INFO", "correlation_id": "n/a", "message": "Redis connection established successfully", "timestamp": "2026-09-15T23:24:11.864155+00:00"}
{"asctime": "2026-09-16 01:24:11,874", "name": "backend.db.session", "levelname": "INFO", "correlation_id": "n/a", "message": "db_pool_configured role=api size=5 overflow=10 timeout=30.0 recycle=1800 max_per_process=15", "timestamp": "2026-09-15T23:24:11.874978+00:00"}
{"asctime": "2026-09-16 01:24:14,639", "name": "backend.core.cache", "levelname": "INFO", "correlation_id": "n/a", "message": "Redis connection closed", "timestamp": "2026-09-15T23:24:14.639901+00:00"}
{"asctime": "2026-09-16 01:24:16,464", "name": "backend.core.cache", "levelname": "INFO", "correlation_id": "n/a", "message": "Redis connection established successfully", "timestamp": "2026-09-15T23:24:16.464860+00:00"}
{"asctime": "2026-09-16 01:24:16,475", "name": "backend.db.session", "levelname": "INFO", "correlation_id": "n/a", "message": "db_pool_configured role=api size=5 overflow=10 timeout=30.0 recycle=1800 max_per_process=15", "timestamp": "2026-09-15T23:24:16.475775+00:00"}
{"asctime": "2026-09-16 01:24:16,828", "name": "backend.core.cache", "levelname": "INFO", "correlation_id": "n/a", "message": "Redis connection closed", "timestamp": "2026-09-15T23:24:16.828943+00:00"}
{"asctime": "2026-09-16 01:24:18,692", "name": "backend.core.cache", "levelname": "INFO", "correlation_id": "n/a", "message": "Redis connection established successfully", "timestamp": "2026-09-15T23:24:18.692126+00:00"}
{"asctime": "2026-09-16 01:24:18,702", "name": "backend.db.session", "levelname": "INFO", "correlation_id": "n/a", "message": "db_pool_configured role=api size=5 overflow=10 timeout=30.0 recycle=1800 max_per_process=15", "timestamp": "2026-09-15T23:24:18.702646+00:00"}
{"asctime": "2026-09-16 01:24:18,859", "name": "backend.core.cache", "levelname": "INFO", "correlation_id": "n/a", "message": "Redis connection closed", "timestamp": "2026-09-15T23:24:18.859338+00:00"}
{"asctime": "2026-09-16 01:24:20,653", "name": "backend.core.cache", "levelname": "INFO", "correlation_id": "n/a", "message": "Redis connection established successfully", "timestamp": "2026-09-15T23:24:20.653755+00:00"}
{"asctime": "2026-09-16 01:24:20,664", "name": "backend.db.session", "levelname": "INFO", "correlation_id": "n/a", "message": "db_pool_configured role=api size=5 overflow=10 timeout=30.0 recycle=1800 max_per_process=15", "timestamp": "2026-09-15T23:24:20.664600+00:00"}
{"asctime": "2026-09-16 01:24:40,956", "name": "backend.core.cache", "levelname": "INFO", "correlation_id": "n/a", "message": "Redis connection closed", "timestamp": "2026-09-15T23:24:40.956414+00:00"}
{"asctime": "2026-09-16 01:24:42,844", "name": "backend.core.cache", "levelname": "INFO", "correlation_id": "n/a", "message": "Redis connection established successfully", "timestamp": "2026-09-15T23:24:42.844754+00:00"}
{"asctime": "2026-09-16 01:24:42,855", "name": "backend.db.session", "levelname": "INFO", "correlation_id": "n/a", "message": "db_pool_configured role=api size=5 overflow=10 timeout=30.0 recycle=1800 max_per_process=15", "timestamp": "2026-09-15T23:24:42.855976+00:00"}
{"asctime": "2026-09-16 01:24:43,009", "name": "backend.core.cache", "levelname": "INFO", "correlation_id": "n/a", "message": "Redis connection closed", "timestamp": "2026-09-15T23:24:43.009845+00:00"}
{"asctime": "2026-09-16 01:24:44,830", "name": "backend.core.cache", "levelname": "INFO", "correlation_id": "n/a", "message": "Redis connection established successfully", "timestamp": "2026-09-15T23:24:44.830386+00:00"}
{"asctime": "2026-09-16 01:24:44,842", "name": "backend.db.session", "levelname": "INFO", "correlation_id": "n/a", "message": "db_pool_configured role=api size=5 overflow=10 timeout=30.0 recycle=1800 max_per_process=15", "timestamp": "2026-09-15T23:24:44.842093+00:00"}
{"asctime": "2026-09-16 01:25:14,740", "name": "backend.core.cache", "levelname": "INFO", "correlation_id": "n/a", "message": "Redis connection closed", "timestamp": "2026-09-15T23:25:14.740435+00:00"}
{"asctime": "2026-09-16 01:25:16,683", "name": "backend.core.cache", "levelname": "INFO", "correlation_id": "n/a", "message": "Redis connection established successfully", "timestamp": "2026-09-15T23:25:16.683766+00:00"}
{"asctime": "2026-09-16 01:25:16,694", "name": "backend.db.session", "levelname": "INFO", "correlation_id": "n/a", "message": "db_pool_configured role=api size=5 overflow=10 timeout=30.0 recycle=1800 max_per_process=15", "timestamp": "2026-09-15T23:25:16.694905+00:00"}
{"asctime": "2026-09-16 01:25:22,656", "name": "backend.core.cache", "levelname": "INFO", "correlation_id": "n/a", "message": "Redis connection closed", "timestamp": "2026-09-15T23:25:22.656691+00:00"}
{"asctime": "2026-09-16 01:25:24,569", "name": "backend.core.cache", "levelname": "INFO", "correlation_id": "n/a", "message": "Redis connection established successfully", "timestamp": "2026-09-15T23:25:24.569296+00:00"}
{"asctime": "2026-09-16 01:25:24,580", "name": "backend.db.session", "levelname": "INFO", "correlation_id": "n/a", "message": "db_pool_configured role=api size=5 overflow=10 timeout=30.0 recycle=1800 max_per_process=15", "timestamp": "2026-09-15T23:25:24.580208+00:00"}
{"asctime": "2026-09-16 01:25:24,736", "name": "backend.core.cache", "levelname": "INFO", "correlation_id": "n/a", "message": "Redis connection closed", "timestamp": "2026-09-15T23:25:24.736184+00:00"}
{"asctime": "2026-09-16 01:25:26,582", "name": "backend.core.cache", "levelname": "INFO", "correlation_id": "n/a", "message": "Redis connection established successfully", "timestamp": "2026-09-15T23:25:26.582738+00:00"}
{"asctime": "2026-09-16 01:25:26,594", "name": "backend.db.session", "levelname": "INFO", "correlation_id": "n/a", "message": "db_pool_configured role=api size=5 overflow=10 timeout=30.0 recycle=1800 max_per_process=15", "timestamp": "2026-09-15T23:25:26.594339+00:00"}
{"asctime": "2026-09-16 01:30:00,794", "name": "backend.core.cache", "levelname": "INFO", "correlation_id": "n/a", "message": "Redis connection closed", "timestamp": "2026-09-15T23:30:00.794931+00:00"}
{"asctime": "2026-09-16 01:30:02,743", "name": "backend.core.cache", "levelname": "INFO", "correlation_id": "n/a", "message": "Redis connection established successfully", "timestamp": "2026-09-15T23:30:02.743505+00:00"}
{"asctime": "2026-09-16 01:30:02,754", "name": "backend.db.session", "levelname": "INFO", "correlation_id": "n/a", "message": "db_pool_configured role=api size=5 overflow=10 timeout=30.0 recycle=1800 max_per_process=15", "timestamp": "2026-09-15T23:30:02.754682+00:00"}
{"asctime": "2026-09-16 01:30:06,713", "name": "backend.core.cache", "levelname": "INFO", "correlation_id": "n/a", "message": "Redis connection closed", "timestamp": "2026-09-15T23:30:06.713950+00:00"}
{"asctime": "2026-09-16 01:30:08,579", "name": "backend.core.cache", "levelname": "INFO", "correlation_id": "n/a", "message": "Redis connection established successfully", "timestamp": "2026-09-15T23:30:08.579404+00:00"}
{"asctime": "2026-09-16 01:30:08,590", "name": "backend.db.session", "levelname": "INFO", "correlation_id": "n/a", "message": "db_pool_configured role=api size=5 overflow=10 timeout=30.0 recycle=1800 max_per_process=15", "timestamp": "2026-09-15T23:30:08.590314+00:00"}
{"asctime": "2026-09-16 01:30:08,744", "name": "backend.core.cache", "levelname": "INFO", "correlation_id": "n/a", "message": "Redis connection closed", "timestamp": "2026-09-15T23:30:08.744101+00:00"}
{"asctime": "2026-09-16 01:30:10,562", "name": "backend.core.cache", "levelname": "INFO", "correlation_id": "n/a", "message": "Redis connection established successfully", "timestamp": "2026-09-15T23:30:10.562297+00:00"}
{"asctime": "2026-09-16 01:30:10,573", "name": "backend.db.session", "levelname": "INFO", "correlation_id": "n/a", "message": "db_pool_configured role=api size=5 overflow=10 timeout=30.0 recycle=1800 max_per_process=15", "timestamp": "2026-09-15T23:30:10.573340+00:00"}
{"asctime": "2026-09-16 01:30:15,641", "name": "backend.core.cache", "levelname": "INFO", "correlation_id": "n/a", "message": "Redis connection closed", "timestamp": "2026-09-15T23:30:15.641607+00:00"}
{"asctime": "2026-09-16 01:30:17,462", "name": "backend.core.cache", "levelname": "INFO", "correlation_id": "n/a", "message": "Redis connection established successfully", "timestamp": "2026-09-15T23:30:17.462671+00:00"}
{"asctime": "2026-09-16 01:30:17,473", "name": "backend.db.session", "levelname": "INFO", "correlation_id": "n/a", "message": "db_pool_configured role=api size=5 overflow=10 timeout=30.0 recycle=1800 max_per_process=15", "timestamp": "2026-09-15T23:30:17.473685+00:00"}
{"asctime": "2026-09-16 01:30:20,430", "name": "backend.core.cache", "levelname": "INFO", "correlation_id": "n/a", "message": "Redis connection closed", "timestamp": "2026-09-15T23:30:20.430653+00:00"}
{"asctime": "2026-09-16 01:30:22,298", "name": "backend.core.cache", "levelname": "INFO", "correlation_id": "n/a", "message": "Redis connection established successfully", "timestamp": "2026-09-15T23:30:22.298791+00:00"}
{"asctime": "2026-09-16 01:30:22,310", "name": "backend.db.session", "levelname": "INFO", "correlation_id": "n/a", "message": "db_pool_configured role=api size=5 overflow=10 timeout=30.0 recycle=1800 max_per_process=15", "timestamp": "2026-09-15T23:30:22.310068+00:00"}
{"asctime": "2026-09-16 01:30:22,466", "name": "backend.core.cache", "levelname": "INFO", "correlation_id": "n/a", "message": "Redis connection closed", "timestamp": "2026-09-15T23:30:22.466004+00:00"}
{"asctime": "2026-09-16 01:30:24,307", "name": "backend.core.cache", "levelname": "INFO", "correlation_id": "n/a", "message": "Redis connection established successfully", "timestamp": "2026-09-15T23:30:24.307186+00:00"}
{"asctime": "2026-09-16 01:30:24,318", "name": "backend.db.session", "levelname": "INFO", "correlation_id": "n/a", "message": "db_pool_configured role=api size=5 overflow=10 timeout=30.0 recycle=1800 max_per_process=15", "timestamp": "2026-09-15T23:30:24.318496+00:00"}
{"asctime": "2026-09-16 01:30:41,301", "name": "backend.core.cache", "levelname": "INFO", "correlation_id": "n/a", "message": "Redis connection closed", "timestamp": "2026-09-15T23:30:41.301653+00:00"}
{"asctime": "2026-09-16 01:30:43,118", "name": "backend.core.cache", "levelname": "INFO", "correlation_id": "n/a", "message": "Redis connection established successfully", "timestamp": "2026-09-15T23:30:43.118345+00:00"}
{"asctime": "2026-09-16 01:30:43,128", "name": "backend.db.session", "levelname": "INFO", "correlation_id": "n/a", "message": "db_pool_configured role=api size=5 overflow=10 timeout=30.0 recycle=1800 max_per_process=15", "timestamp": "2026-09-15T23:30:43.128999+00:00"}
{"asctime": "2026-09-16 01:30:51,198", "name": "backend.core.cache", "levelname": "INFO", "correlation_id": "n/a", "message": "Redis connection closed", "timestamp": "2026-09-15T23:30:51.198224+00:00"}
{"asctime": "2026-09-16 01:30:53,046", "name": "backend.core.cache", "levelname": "INFO", "correlation_id": "n/a", "message": "Redis connection established successfully", "timestamp": "2026-09-15T23:30:53.046503+00:00"}
{"asctime": "2026-09-16 01:30:53,057", "name": "backend.db.session", "levelname": "INFO", "correlation_id": "n/a", "message": "db_pool_configured role=api size=5 overflow=10 timeout=30.0 recycle=1800 max_per_process=15", "timestamp": "2026-09-15T23:30:53.057222+00:00"}
{"asctime": "2026-09-16 01:31:19,052", "name": "backend.core.cache", "levelname": "INFO", "correlation_id": "n/a", "message": "Redis connection closed", "timestamp": "2026-09-15T23:31:19.052227+00:00"}
{"asctime": "2026-09-16 01:31:20,880", "name": "backend.core.cache", "levelname": "INFO", "correlation_id": "n/a", "message": "Redis connection established successfully", "timestamp": "2026-09-15T23:31:20.880624+00:00"}
{"asctime": "2026-09-16 01:31:20,891", "name": "backend.db.session", "levelname": "INFO", "correlation_id": "n/a", "message": "db_pool_configured role=api size=5 overflow=10 timeout=30.0 recycle=1800 max_per_process=15", "timestamp": "2026-09-15T23:31:20.891802+00:00"}
{"asctime": "2026-09-16 01:31:23,150", "name": "backend.core.cache", "levelname": "INFO", "correlation_id": "n/a", "message": "Redis connection closed", "timestamp": "2026-09-15T23:31:23.150304+00:00"}
{"asctime": "2026-09-16 01:31:25,017", "name": "backend.core.cache", "levelname": "INFO", "correlation_id": "n/a", "message": "Redis connection established successfully", "timestamp": "2026-09-15T23:31:25.017808+00:00"}
{"asctime": "2026-09-16 01:31:25,028", "name": "backend.db.session", "levelname": "INFO", "correlation_id": "n/a", "message": "db_pool_configured role=api size=5 overflow=10 timeout=30.0 recycle=1800 max_per_process=15", "timestamp": "2026-09-15T23:31:25.028533+00:00"}
{"asctime": "2026-09-16 01:31:48,020", "name": "backend.core.cache", "levelname": "INFO", "correlation_id": "n/a", "message": "Redis connection closed", "timestamp": "2026-09-15T23:31:48.020497+00:00"}
{"asctime": "2026-09-16 01:31:49,895", "name": "backend.core.cache", "levelname": "INFO", "correlation_id": "n/a", "message": "Redis connection established successfully", "timestamp": "2026-09-15T23:31:49.895367+00:00"}
{"asctime": "2026-09-16 01:31:49,906", "name": "backend.db.session", "levelname": "INFO", "correlation_id": "n/a", "message": "db_pool_configured role=api size=5 overflow=10 timeout=30.0 recycle=1800 max_per_process=15", "timestamp": "2026-09-15T23:31:49.906974+00:00"}
{"asctime": "2026-09-16 01:31:54,569", "name": "backend.core.cache", "levelname": "INFO", "correlation_id": "n/a", "message": "Redis connection closed", "timestamp": "2026-09-15T23:31:54.569181+00:00"}
{"asctime": "2026-09-16 01:31:56,396", "name": "backend.core.cache", "levelname": "INFO", "correlation_id": "n/a", "message": "Redis connection established successfully", "timestamp": "2026-09-15T23:31:56.396592+00:00"}
{"asctime": "2026-09-16 01:31:56,407", "name": "backend.db.session", "levelname": "INFO", "correlation_id": "n/a", "message": "db_pool_configured role=api size=5 overflow=10 timeout=30.0 recycle=1800 max_per_process=15", "timestamp": "2026-09-15T23:31:56.407406+00:00"}
{"asctime": "2026-09-16 01:34:19,799", "name": "backend.core.cache", "levelname": "INFO", "correlation_id": "n/a", "message": "Redis connection closed", "timestamp": "2026-09-15T23:34:19.799209+00:00"}
{"asctime": "2026-09-16 01:34:21,659", "name": "backend.core.cache", "levelname": "INFO", "correlation_id": "n/a", "message": "Redis connection established successfully", "timestamp": "2026-09-15T23:34:21.659599+00:00"}
{"asctime": "2026-09-16 01:34:21,670", "name": "backend.db.session", "levelname": "INFO", "correlation_id": "n/a", "message": "db_pool_configured role=api size=5 overflow=10 timeout=30.0 recycle=1800 max_per_process=15", "timestamp": "2026-09-15T23:34:21.670393+00:00"}
{"asctime": "2026-09-16 01:34:25,840", "name": "backend.core.cache", "levelname": "INFO", "correlation_id": "n/a", "message": "Redis connection closed", "timestamp": "2026-09-15T23:34:25.840564+00:00"}
{"asctime": "2026-09-16 01:34:27,715", "name": "backend.core.cache", "levelname": "INFO", "correlation_id": "n/a", "message": "Redis connection established successfully", "timestamp": "2026-09-15T23:34:27.715218+00:00"}
{"asctime": "2026-09-16 01:34:27,726", "name": "backend.db.session", "levelname": "INFO", "correlation_id": "n/a", "message": "db_pool_configured role=api size=5 overflow=10 timeout=30.0 recycle=1800 max_per_process=15", "timestamp": "2026-09-15T23:34:27.726526+00:00"}
{"asctime": "2026-09-16 01:34:27,886", "name": "backend.core.cache", "levelname": "INFO", "correlation_id": "n/a", "message": "Redis connection closed", "timestamp": "2026-09-15T23:34:27.886486+00:00"}
{"asctime": "2026-09-16 01:34:29,707", "name": "backend.core.cache", "levelname": "INFO", "correlation_id": "n/a", "message": "Redis connection established successfully", "timestamp": "2026-09-15T23:34:29.707488+00:00"}
{"asctime": "2026-09-16 01:34:29,718", "name": "backend.db.session", "levelname": "INFO", "correlation_id": "n/a", "message": "db_pool_configured role=api size=5 overflow=10 timeout=30.0 recycle=1800 max_per_process=15", "timestamp": "2026-09-15T23:34:29.718827+00:00"}
{"asctime": "2026-09-16 01:34:29,873", "name": "backend.core.cache", "levelname": "INFO", "correlation_id": "n/a", "message": "Redis connection closed", "timestamp": "2026-09-15T23:34:29.873919+00:00"}
{"asctime": "2026-09-16 01:34:31,692", "name": "backend.core.cache", "levelname": "INFO", "correlation_id": "n/a", "message": "Redis connection established successfully", "timestamp": "2026-09-15T23:34:31.692490+00:00"}
{"asctime": "2026-09-16 01:34:31,704", "name": "backend.db.session", "levelname": "INFO", "correlation_id": "n/a", "message": "db_pool_configured role=api size=5 overflow=10 timeout=30.0 recycle=1800 max_per_process=15", "timestamp": "2026-09-15T23:34:31.704118+00:00"}
{"asctime": "2026-09-16 01:34:53,194", "name": "backend.core.cache", "levelname": "INFO", "correlation_id": "n/a", "message": "Redis connection closed", "timestamp": "2026-09-15T23:34:53.194432+00:00"}
{"asctime": "2026-09-16 01:34:55,018", "name": "backend.core.cache", "levelname": "INFO", "correlation_id": "n/a", "message": "Redis connection established successfully", "timestamp": "2026-09-15T23:34:55.018282+00:00"}
{"asctime": "2026-09-16 01:34:55,028", "name": "backend.db.session", "levelname": "INFO", "correlation_id": "n/a", "message": "db_pool_configured role=api size=5 overflow=10 timeout=30.0 recycle=1800 max_per_process=15", "timestamp": "2026-09-15T23:34:55.028793+00:00"}
{"asctime": "2026-09-16 01:35:47,876", "name": "backend.core.cache", "levelname": "INFO", "correlation_id": "n/a", "message": "Redis connection closed", "timestamp": "2026-09-15T23:35:47.876272+00:00"}
{"asctime": "2026-09-16 01:35:49,712", "name": "backend.core.cache", "levelname": "INFO", "correlation_id": "n/a", "message": "Redis connection established successfully", "timestamp": "2026-09-15T23:35:49.712032+00:00"}
{"asctime": "2026-09-16 01:35:49,722", "name": "backend.db.session", "levelname": "INFO", "correlation_id": "n/a", "message": "db_pool_configured role=api size=5 overflow=10 timeout=30.0 recycle=1800 max_per_process=15", "timestamp": "2026-09-15T23:35:49.722919+00:00"}
{"asctime": "2026-09-16 01:35:56,286", "name": "backend.core.cache", "levelname": "INFO", "correlation_id": "n/a", "message": "Redis connection closed", "timestamp": "2026-09-15T23:35:56.286325+00:00"}
{"asctime": "2026-09-16 01:35:58,200", "name": "backend.core.cache", "levelname": "INFO", "correlation_id": "n/a", "message": "Redis connection established successfully", "timestamp": "2026-09-15T23:35:58.200278+00:00"}
{"asctime": "2026-09-16 01:35:58,210", "name": "backend.db.session", "levelname": "INFO", "correlation_id": "n/a", "message": "db_pool_configured role=api size=5 overflow=10 timeout=30.0 recycle=1800 max_per_process=15", "timestamp": "2026-09-15T23:35:58.210964+00:00"}
{"asctime": "2026-09-16 01:35:58,365", "name": "backend.core.cache", "levelname": "INFO", "correlation_id": "n/a", "message": "Redis connection closed", "timestamp": "2026-09-15T23:35:58.365092+00:00"}
{"asctime": "2026-09-16 01:36:00,178", "name": "backend.core.cache", "levelname": "INFO", "correlation_id": "n/a", "message": "Redis connection established successfully", "timestamp": "2026-09-15T23:36:00.178085+00:00"}
{"asctime": "2026-09-16 01:36:00,189", "name": "backend.db.session", "levelname": "INFO", "correlation_id": "n/a", "message": "db_pool_configured role=api size=5 overflow=10 timeout=30.0 recycle=1800 max_per_process=15", "timestamp": "2026-09-15T23:36:00.189926+00:00"}
{"asctime": "2026-09-16 01:36:14,270", "name": "backend.core.cache", "levelname": "INFO", "correlation_id": "n/a", "message": "Redis connection closed", "timestamp": "2026-09-15T23:36:14.270522+00:00"}
{"asctime": "2026-09-16 01:36:16,121", "name": "backend.core.cache", "levelname": "INFO", "correlation_id": "n/a", "message": "Redis connection established successfully", "timestamp": "2026-09-15T23:36:16.121693+00:00"}
{"asctime": "2026-09-16 01:36:16,133", "name": "backend.db.session", "levelname": "INFO", "correlation_id": "n/a", "message": "db_pool_configured role=api size=5 overflow=10 timeout=30.0 recycle=1800 max_per_process=15", "timestamp": "2026-09-15T23:36:16.133481+00:00"}
{"asctime": "2026-09-16 01:36:16,289", "name": "backend.core.cache", "levelname": "INFO", "correlation_id": "n/a", "message": "Redis connection closed", "timestamp": "2026-09-15T23:36:16.289069+00:00"}
{"asctime": "2026-09-16 01:36:18,129", "name": "backend.core.cache", "levelname": "INFO", "correlation_id": "n/a", "message": "Redis connection established successfully", "timestamp": "2026-09-15T23:36:18.129020+00:00"}
{"asctime": "2026-09-16 01:36:18,139", "name": "backend.db.session", "levelname": "INFO", "correlation_id": "n/a", "message": "db_pool_configured role=api size=5 overflow=10 timeout=30.0 recycle=1800 max_per_process=15", "timestamp": "2026-09-15T23:36:18.139869+00:00"}
{"asctime": "2026-09-16 01:36:18,294", "name": "backend.core.cache", "levelname": "INFO", "correlation_id": "n/a", "message": "Redis connection closed", "timestamp": "2026-09-15T23:36:18.294328+00:00"}
{"asctime": "2026-09-16 01:36:20,098", "name": "backend.core.cache", "levelname": "INFO", "correlation_id": "n/a", "message": "Redis connection established successfully", "timestamp": "2026-09-15T23:36:20.098294+00:00"}
{"asctime": "2026-09-16 01:36:20,108", "name": "backend.db.session", "levelname": "INFO", "correlation_id": "n/a", "message": "db_pool_configured role=api size=5 overflow=10 timeout=30.0 recycle=1800 max_per_process=15", "timestamp": "2026-09-15T23:36:20.108694+00:00"}
{"asctime": "2026-09-16 01:36:21,966", "name": "backend.core.cache", "levelname": "INFO", "correlation_id": "n/a", "message": "Redis connection closed", "timestamp": "2026-09-15T23:36:21.966739+00:00"}
{"asctime": "2026-09-16 01:36:23,861", "name": "backend.core.cache", "levelname": "INFO", "correlation_id": "n/a", "message": "Redis connection established successfully", "timestamp": "2026-09-15T23:36:23.861993+00:00"}
{"asctime": "2026-09-16 01:36:23,872", "name": "backend.db.session", "levelname": "INFO", "correlation_id": "n/a", "message": "db_pool_configured role=api size=5 overflow=10 timeout=30.0 recycle=1800 max_per_process=15", "timestamp": "2026-09-15T23:36:23.872955+00:00"}
{"asctime": "2026-09-16 01:36:24,026", "name": "backend.core.cache", "levelname": "INFO", "correlation_id": "n/a", "message": "Redis connection closed", "timestamp": "2026-09-15T23:36:24.026301+00:00"}
{"asctime": "2026-09-16 01:36:25,823", "name": "backend.core.cache", "levelname": "INFO", "correlation_id": "n/a", "message": "Redis connection established successfully", "timestamp": "2026-09-15T23:36:25.823325+00:00"}
{"asctime": "2026-09-16 01:36:25,834", "name": "backend.db.session", "levelname": "INFO", "correlation_id": "n/a", "message": "db_pool_configured role=api size=5 overflow=10 timeout=30.0 recycle=1800 max_per_process=15", "timestamp": "2026-09-15T23:36:25.834690+00:00"}
{"asctime": "2026-09-16 01:36:32,499", "name": "backend.core.cache", "levelname": "INFO", "correlation_id": "n/a", "message": "Redis connection closed", "timestamp": "2026-09-15T23:36:32.499418+00:00"}
{"asctime": "2026-09-16 01:36:34,340", "name": "backend.core.cache", "levelname": "INFO", "correlation_id": "n/a", "message": "Redis connection established successfully", "timestamp": "2026-09-15T23:36:34.340134+00:00"}
{"asctime": "2026-09-16 01:36:34,351", "name": "backend.db.session", "levelname": "INFO", "correlation_id": "n/a", "message": "db_pool_configured role=api size=5 overflow=10 timeout=30.0 recycle=1800 max_per_process=15", "timestamp": "2026-09-15T23:36:34.351401+00:00"}
{"asctime": "2026-09-16 01:36:39,113", "name": "backend.core.cache", "levelname": "INFO", "correlation_id": "n/a", "message": "Redis connection closed", "timestamp": "2026-09-15T23:36:39.113112+00:00"}
{"asctime": "2026-09-16 01:36:40,944", "name": "backend.core.cache", "levelname": "INFO", "correlation_id": "n/a", "message": "Redis connection established successfully", "timestamp": "2026-09-15T23:36:40.944169+00:00"}
{"asctime": "2026-09-16 01:36:40,954", "name": "backend.db.session", "levelname": "INFO", "correlation_id": "n/a", "message": "db_pool_configured role=api size=5 overflow=10 timeout=30.0 recycle=1800 max_per_process=15", "timestamp": "2026-09-15T23:36:40.954960+00:00"}
{"asctime": "2026-09-16 01:36:58,637", "name": "backend.core.cache", "levelname": "INFO", "correlation_id": "n/a", "message": "Redis connection closed", "timestamp": "2026-09-15T23:36:58.637641+00:00"}
{"asctime": "2026-09-16 01:37:00,509", "name": "backend.core.cache", "levelname": "INFO", "correlation_id": "n/a", "message": "Redis connection established successfully", "timestamp": "2026-09-15T23:37:00.509752+00:00"}
{"asctime": "2026-09-16 01:37:00,520", "name": "backend.db.session", "levelname": "INFO", "correlation_id": "n/a", "message": "db_pool_configured role=api size=5 overflow=10 timeout=30.0 recycle=1800 max_per_process=15", "timestamp": "2026-09-15T23:37:00.520905+00:00"}
{"asctime": "2026-09-16 01:37:00,674", "name": "backend.core.cache", "levelname": "INFO", "correlation_id": "n/a", "message": "Redis connection closed", "timestamp": "2026-09-15T23:37:00.674006+00:00"}
{"asctime": "2026-09-16 01:37:02,470", "name": "backend.core.cache", "levelname": "INFO", "correlation_id": "n/a", "message": "Redis connection established successfully", "timestamp": "2026-09-15T23:37:02.470902+00:00"}
{"asctime": "2026-09-16 01:37:02,482", "name": "backend.db.session", "levelname": "INFO", "correlation_id": "n/a", "message": "db_pool_configured role=api size=5 overflow=10 timeout=30.0 recycle=1800 max_per_process=15", "timestamp": "2026-09-15T23:37:02.482291+00:00"}
{"asctime": "2026-09-16 01:37:07,744", "name": "backend.core.cache", "levelname": "INFO", "correlation_id": "n/a", "message": "Redis connection closed", "timestamp": "2026-09-15T23:37:07.744266+00:00"}
{"asctime": "2026-09-16 01:37:09,573", "name": "backend.core.cache", "levelname": "INFO", "correlation_id": "n/a", "message": "Redis connection established successfully", "timestamp": "2026-09-15T23:37:09.573445+00:00"}
{"asctime": "2026-09-16 01:37:09,584", "name": "backend.db.session", "levelname": "INFO", "correlation_id": "n/a", "message": "db_pool_configured role=api size=5 overflow=10 timeout=30.0 recycle=1800 max_per_process=15", "timestamp": "2026-09-15T23:37:09.584673+00:00"}
{"asctime": "2026-09-16 01:37:13,748", "name": "backend.core.cache", "levelname": "INFO", "correlation_id": "n/a", "message": "Redis connection closed", "timestamp": "2026-09-15T23:37:13.748354+00:00"}
{"asctime": "2026-09-16 01:37:15,600", "name": "backend.core.cache", "levelname": "INFO", "correlation_id": "n/a", "message": "Redis connection established successfully", "timestamp": "2026-09-15T23:37:15.600672+00:00"}
{"asctime": "2026-09-16 01:37:15,611", "name": "backend.db.session", "levelname": "INFO", "correlation_id": "n/a", "message": "db_pool_configured role=api size=5 overflow=10 timeout=30.0 recycle=1800 max_per_process=15", "timestamp": "2026-09-15T23:37:15.611345+00:00"}
{"asctime": "2026-09-16 01:37:57,232", "name": "backend.core.cache", "levelname": "INFO", "correlation_id": "n/a", "message": "Redis connection closed", "timestamp": "2026-09-15T23:37:57.232176+00:00"}
{"asctime": "2026-09-16 01:37:59,052", "name": "backend.core.cache", "levelname": "INFO", "correlation_id": "n/a", "message": "Redis connection established successfully", "timestamp": "2026-09-15T23:37:59.052385+00:00"}
{"asctime": "2026-09-16 01:37:59,063", "name": "backend.db.session", "levelname": "INFO", "correlation_id": "n/a", "message": "db_pool_configured role=api size=5 overflow=10 timeout=30.0 recycle=1800 max_per_process=15", "timestamp": "2026-09-15T23:37:59.063428+00:00"}
{"asctime": "2026-09-16 01:38:35,284", "name": "backend.core.cache", "levelname": "INFO", "correlation_id": "n/a", "message": "Redis connection closed", "timestamp": "2026-09-15T23:38:35.284462+00:00"}
{"asctime": "2026-09-16 01:38:37,108", "name": "backend.core.cache", "levelname": "INFO", "correlation_id": "n/a", "message": "Redis connection established successfully", "timestamp": "2026-09-15T23:38:37.108581+00:00"}
{"asctime": "2026-09-16 01:38:37,119", "name": "backend.db.session", "levelname": "INFO", "correlation_id": "n/a", "message": "db_pool_configured role=api size=5 overflow=10 timeout=30.0 recycle=1800 max_per_process=15", "timestamp": "2026-09-15T23:38:37.119567+00:00"}
{"asctime": "2026-09-16 01:38:38,174", "name": "backend.core.cache", "levelname": "INFO", "correlation_id": "n/a", "message": "Redis connection closed", "timestamp": "2026-09-15T23:38:38.174010+00:00"}
{"asctime": "2026-09-16 01:38:40,014", "name": "backend.core.cache", "levelname": "INFO", "correlation_id": "n/a", "message": "Redis connection established successfully", "timestamp": "2026-09-15T23:38:40.014821+00:00"}
{"asctime": "2026-09-16 01:38:40,027", "name": "backend.db.session", "levelname": "INFO", "correlation_id": "n/a", "message": "db_pool_configured role=api size=5 overflow=10 timeout=30.0 recycle=1800 max_per_process=15", "timestamp": "2026-09-15T23:38:40.027329+00:00"}
{"asctime": "2026-09-16 01:38:40,182", "name": "backend.core.cache", "levelname": "INFO", "correlation_id": "n/a", "message": "Redis connection closed", "timestamp": "2026-09-15T23:38:40.182292+00:00"}
{"asctime": "2026-09-16 01:38:42,040", "name": "backend.core.cache", "levelname": "INFO", "correlation_id": "n/a", "message": "Redis connection established successfully", "timestamp": "2026-09-15T23:38:42.040852+00:00"}
{"asctime": "2026-09-16 01:38:42,054", "name": "backend.db.session", "levelname": "INFO", "correlation_id": "n/a", "message": "db_pool_configured role=api size=5 overflow=10 timeout=30.0 recycle=1800 max_per_process=15", "timestamp": "2026-09-15T23:38:42.054920+00:00"}
{"asctime": "2026-09-16 01:38:42,214", "name": "backend.core.cache", "levelname": "INFO", "correlation_id": "n/a", "message": "Redis connection closed", "timestamp": "2026-09-15T23:38:42.214897+00:00"}
{"asctime": "2026-09-16 01:38:44,045", "name": "backend.core.cache", "levelname": "INFO", "correlation_id": "n/a", "message": "Redis connection established successfully", "timestamp": "2026-09-15T23:38:44.045283+00:00"}
{"asctime": "2026-09-16 01:38:44,055", "name": "backend.db.session", "levelname": "INFO", "correlation_id": "n/a", "message": "db_pool_configured role=api size=5 overflow=10 timeout=30.0 recycle=1800 max_per_process=15", "timestamp": "2026-09-15T23:38:44.055633+00:00"}
{"asctime": "2026-09-16 01:39:00,937", "name": "backend.core.cache", "levelname": "INFO", "correlation_id": "n/a", "message": "Redis connection closed", "timestamp": "2026-09-15T23:39:00.937592+00:00"}
{"asctime": "2026-09-16 01:39:02,954", "name": "backend.core.cache", "levelname": "INFO", "correlation_id": "n/a", "message": "Redis connection established successfully", "timestamp": "2026-09-15T23:39:02.954799+00:00"}
{"asctime": "2026-09-16 01:39:02,966", "name": "backend.db.session", "levelname": "INFO", "correlation_id": "n/a", "message": "db_pool_configured role=api size=5 overflow=10 timeout=30.0 recycle=1800 max_per_process=15", "timestamp": "2026-09-15T23:39:02.966264+00:00"}
{"asctime": "2026-09-16 01:39:23,751", "name": "backend.core.cache", "levelname": "INFO", "correlation_id": "n/a", "message": "Redis connection closed", "timestamp": "2026-09-15T23:39:23.751426+00:00"}
{"asctime": "2026-09-16 01:39:25,566", "name": "backend.core.cache", "levelname": "INFO", "correlation_id": "n/a", "message": "Redis connection established successfully", "timestamp": "2026-09-15T23:39:25.566718+00:00"}
{"asctime": "2026-09-16 01:39:25,577", "name": "backend.db.session", "levelname": "INFO", "correlation_id": "n/a", "message": "db_pool_configured role=api size=5 overflow=10 timeout=30.0 recycle=1800 max_per_process=15", "timestamp": "2026-09-15T23:39:25.577323+00:00"}
{"asctime": "2026-09-16 01:42:13,598", "name": "backend.core.cache", "levelname": "INFO", "correlation_id": "n/a", "message": "Redis connection closed", "timestamp": "2026-09-15T23:42:13.598244+00:00"}
{"asctime": "2026-09-16 01:42:15,446", "name": "backend.core.cache", "levelname": "INFO", "correlation_id": "n/a", "message": "Redis connection established successfully", "timestamp": "2026-09-15T23:42:15.446739+00:00"}
{"asctime": "2026-09-16 01:42:15,457", "name": "backend.db.session", "levelname": "INFO", "correlation_id": "n/a", "message": "db_pool_configured role=api size=5 overflow=10 timeout=30.0 recycle=1800 max_per_process=15", "timestamp": "2026-09-15T23:42:15.457501+00:00"}
{"asctime": "2026-09-16 01:42:54,277", "name": "backend.core.cache", "levelname": "INFO", "correlation_id": "n/a", "message": "Redis connection closed", "timestamp": "2026-09-15T23:42:54.277559+00:00"}
{"asctime": "2026-09-16 01:42:56,093", "name": "backend.core.cache", "levelname": "INFO", "correlation_id": "n/a", "message": "Redis connection established successfully", "timestamp": "2026-09-15T23:42:56.093749+00:00"}
{"asctime": "2026-09-16 01:42:56,104", "name": "backend.db.session", "levelname": "INFO", "correlation_id": "n/a", "message": "db_pool_configured role=api size=5 overflow=10 timeout=30.0 recycle=1800 max_per_process=15", "timestamp": "2026-09-15T23:42:56.104254+00:00"}
{"asctime": "2026-09-16 01:43:22,398", "name": "backend.core.cache", "levelname": "INFO", "correlation_id": "n/a", "message": "Redis connection closed", "timestamp": "2026-09-15T23:43:22.398402+00:00"}
{"asctime": "2026-09-16 01:43:24,249", "name": "backend.core.cache", "levelname": "INFO", "correlation_id": "n/a", "message": "Redis connection established successfully", "timestamp": "2026-09-15T23:43:24.249212+00:00"}
{"asctime": "2026-09-16 01:43:24,260", "name": "backend.db.session", "levelname": "INFO", "correlation_id": "n/a", "message": "db_pool_configured role=api size=5 overflow=10 timeout=30.0 recycle=1800 max_per_process=15", "timestamp": "2026-09-15T23:43:24.260405+00:00"}
{"asctime": "2026-09-16 01:44:30,527", "name": "backend.core.cache", "levelname": "INFO", "correlation_id": "n/a", "message": "Redis connection closed", "timestamp": "2026-09-15T23:44:30.527034+00:00"}
{"asctime": "2026-09-16 01:44:32,390", "name": "backend.core.cache", "levelname": "INFO", "correlation_id": "n/a", "message": "Redis connection established successfully", "timestamp": "2026-09-15T23:44:32.390610+00:00"}
{"asctime": "2026-09-16 01:44:32,401", "name": "backend.db.session", "levelname": "INFO", "correlation_id": "n/a", "message": "db_pool_configured role=api size=5 overflow=10 timeout=30.0 recycle=1800 max_per_process=15", "timestamp": "2026-09-15T23:44:32.401279+00:00"}
{"asctime": "2026-09-16 01:44:32,558", "name": "backend.core.cache", "levelname": "INFO", "correlation_id": "n/a", "message": "Redis connection closed", "timestamp": "2026-09-15T23:44:32.558870+00:00"}
{"asctime": "2026-09-16 01:44:34,353", "name": "backend.core.cache", "levelname": "INFO", "correlation_id": "n/a", "message": "Redis connection established successfully", "timestamp": "2026-09-15T23:44:34.353360+00:00"}
{"asctime": "2026-09-16 01:44:34,364", "name": "backend.db.session", "levelname": "INFO", "correlation_id": "n/a", "message": "db_pool_configured role=api size=5 overflow=10 timeout=30.0 recycle=1800 max_per_process=15", "timestamp": "2026-09-15T23:44:34.364546+00:00"}
{"asctime": "2026-09-16 01:44:44,639", "name": "backend.core.cache", "levelname": "INFO", "correlation_id": "n/a", "message": "Redis connection closed", "timestamp": "2026-09-15T23:44:44.639958+00:00"}
{"asctime": "2026-09-16 01:44:46,532", "name": "backend.core.cache", "levelname": "INFO", "correlation_id": "n/a", "message": "Redis connection established successfully", "timestamp": "2026-09-15T23:44:46.532974+00:00"}
{"asctime": "2026-09-16 01:44:46,544", "name": "backend.db.session", "levelname": "INFO", "correlation_id": "n/a", "message": "db_pool_configured role=api size=5 overflow=10 timeout=30.0 recycle=1800 max_per_process=15", "timestamp": "2026-09-15T23:44:46.544762+00:00"}
